transaction_id,vendor_id,vendor_name,gstin,department,category,invoice_date,due_date,payment_date,amount,has_purchase_order,invoice_number,approved_by,status
TXN0001,V002,Infosys Limited,29AABCI5678B2Z3,IT,Office Supplies,2024-05-20,2024-06-19,2024-09-05,50000.0,False,INV-876646,Ravi Kumar,Disputed
TXN0002,V007,HDFC Bank Ltd,27AAHCH4118H1ZK,IT,Software,2024-02-17,2024-03-18,2024-03-09,113225.8,True,INV-688508,Priya Sharma,Disputed
TXN0003,V007,HDFC Bank Ltd,27AAHCH4118H1ZK,Finance,Maintenance,2024-10-28,2024-11-27,2024-11-13,142704.4,False,INV-944962,Priya Sharma,Pending
TXN0004,V006,Reliance Industries,27AAACR5055K1ZT,Operations,Hardware,2024-04-20,2024-05-20,2024-05-14,478820.47,True,INV-498382,Ravi Kumar,Paid
TXN0005,V006,Reliance Industries,27AAACR5055K1ZT,Marketing,Consulting,2024-01-23,2024-02-22,2024-02-13,366217.23,True,INV-496922,Ravi Kumar,Disputed
TXN0006,V005,Tech Mahindra,27AABCT7890E5Z7,Legal,Travel,2024-07-04,2024-08-03,2024-07-22,290789.31,False,INV-793384,Priya Sharma,Paid
TXN0007,V002,Infosys Limited,29AABCI5678B2Z3,Finance,Software,2024-07-13,2024-08-12,2024-08-01,142596.93,True,INV-270555,Amit Patel,Paid
TXN0008,V004,HCL Technologies,06AABCH3456D4Z9,Legal,Consulting,2024-12-25,2025-01-24,2025-01-13,468644.02,False,INV-765822,Priya Sharma,Disputed
TXN0009,V004,HCL Technologies,06AABCH3456D4Z9,Finance,Maintenance,2024-07-13,2024-08-12,2024-07-28,138624.17,True,INV-684004,Priya Sharma,Paid
TXN0010,V001,Tata Consultancy Services,27AABCT1234A1Z5,Finance,Software,2024-06-10,2024-07-10,2024-07-08,203576.57,True,INV-694731,Amit Patel,Paid
TXN0011,V008,Fraudulent Vendor A,27AABCT1234A1Z5,HR,Office Supplies,2024-08-22,2024-09-21,2024-09-18,75721.44,True,INV-688637,Amit Patel,Disputed
TXN0012,V007,HDFC Bank Ltd,27AAHCH4118H1ZK,Marketing,Maintenance,2024-07-04,2024-08-03,2024-07-31,113563.78,True,INV-195325,Ravi Kumar,Paid
TXN0013,V003,Wipro Technologies,29AABCW9012C3Z1,Legal,Hardware,2024-12-14,2025-01-13,2025-01-11,213969.18,True,INV-724834,Sneha Reddy,Disputed
TXN0014,V005,Tech Mahindra,27AABCT7890E5Z7,Marketing,Software,2024-12-14,2025-01-13,2025-01-02,361757.3,True,INV-887352,Amit Patel,Paid
TXN0015,V002,Infosys Limited,29AABCI5678B2Z3,Operations,Maintenance,2024-03-21,2024-04-20,2024-04-08,229593.23,True,INV-376183,Priya Sharma,Disputed
TXN0016,V002,Infosys Limited,29AABCI5678B2Z3,Legal,Consulting,2024-11-23,2024-12-23,2024-12-19,256293.13,True,INV-899550,Priya Sharma,Disputed
TXN0017,V009,Shell India,07AABCS1234F6Z2,IT,Travel,2024-06-14,2024-07-14,2024-07-12,246859.83,True,INV-972064,Amit Patel,Paid
TXN0018,V001,Tata Consultancy Services,27AABCT1234A1Z5,Finance,Travel,2024-02-10,2024-03-11,2024-03-03,47398.46,True,INV-897549,Priya Sharma,Paid
TXN0019,V008,Fraudulent Vendor A,27AABCT1234A1Z5,Marketing,Hardware,2024-05-15,2024-06-14,2024-06-04,266198.52,True,INV-322086,Priya Sharma,Paid
TXN0020,V007,HDFC Bank Ltd,27AAHCH4118H1ZK,Legal,Office Supplies,2024-07-10,2024-08-09,2024-07-31,221859.54,True,INV-359947,Priya Sharma,Paid
TXN0021,V006,Reliance Industries,27AAACR5055K1ZT,IT,Travel,2024-10-10,2024-11-09,2024-11-05,118906.79,False,INV-842225,Ravi Kumar,Paid
TXN0022,V002,Infosys Limited,29AABCI5678B2Z3,IT,Consulting,2024-02-06,2024-03-07,2024-03-02,259507.28,True,INV-324643,Priya Sharma,Disputed
TXN0023,V010,Siemens India,27AABCS5678G7Z4,HR,Hardware,2024-08-30,2024-09-29,2024-09-25,404711.01,False,INV-790993,Sneha Reddy,Paid
TXN0024,V007,HDFC Bank Ltd,27AAHCH4118H1ZK,HR,Maintenance,2024-01-28,2024-02-27,2024-02-16,338315.45,False,INV-522179,Amit Patel,Paid
TXN0025,V004,HCL Technologies,06AABCH3456D4Z9,Finance,Hardware,2024-10-01,2024-10-31,2024-10-24,227063.71,True,INV-585100,Priya Sharma,Paid
TXN0026,V008,Fraudulent Vendor A,27AABCT1234A1Z5,Marketing,Software,2024-01-26,2024-02-25,2024-02-16,327811.72,True,INV-197793,Priya Sharma,Paid
TXN0027,V007,HDFC Bank Ltd,27AAHCH4118H1ZK,HR,Maintenance,2024-04-19,2024-05-19,2024-05-04,433001.95,False,INV-497382,Ravi Kumar,Pending
TXN0028,V005,Tech Mahindra,27AABCT7890E5Z7,HR,Consulting,2024-08-04,2024-09-03,2024-08-22,349812.79,True,INV-682765,Sneha Reddy,Paid
TXN0029,V004,HCL Technologies,06AABCH3456D4Z9,Operations,Hardware,2024-01-30,2024-02-29,2024-02-20,291694.24,False,INV-428838,Ravi Kumar,Paid
TXN0030,V010,Siemens India,27AABCS5678G7Z4,HR,Travel,2024-09-28,2024-10-28,2024-10-19,82929.2,False,INV-294851,Ravi Kumar,Disputed
TXN0031,V002,Infosys Limited,29AABCI5678B2Z3,Legal,Hardware,2024-07-25,2024-08-24,2024-08-09,64343.87,True,INV-707040,Ravi Kumar,Disputed
TXN0032,V002,Infosys Limited,29AABCI5678B2Z3,HR,Office Supplies,2024-10-25,2024-11-24,2024-11-18,284787.33,True,INV-314181,Amit Patel,Paid
TXN0033,V005,Tech Mahindra,27AABCT7890E5Z7,HR,Hardware,2024-12-09,2025-01-08,2024-12-31,324522.89,True,INV-888387,Ravi Kumar,Paid
TXN0034,V008,Fraudulent Vendor A,27AABCT1234A1Z5,Marketing,Travel,2024-02-21,2024-03-22,2024-03-18,41264.06,True,INV-238890,Amit Patel,Paid
TXN0035,V004,HCL Technologies,06AABCH3456D4Z9,Operations,Consulting,2024-03-21,2024-04-20,2024-04-11,221901.36,True,INV-741390,Ravi Kumar,Disputed
TXN0036,V005,Tech Mahindra,27AABCT7890E5Z7,Legal,Software,2024-03-09,2024-04-08,2024-03-24,135910.63,True,INV-680097,Priya Sharma,Paid
TXN0037,V005,Tech Mahindra,27AABCT7890E5Z7,Marketing,Hardware,2024-06-24,2024-07-24,2024-07-13,105780.67,True,INV-629959,Sneha Reddy,Paid
TXN0038,V001,Tata Consultancy Services,27AABCT1234A1Z5,IT,Office Supplies,2024-08-04,2024-09-03,2024-09-02,415527.3,False,INV-908577,Priya Sharma,Paid
TXN0039,V003,Wipro Technologies,29AABCW9012C3Z1,Legal,Maintenance,2024-10-09,2024-11-08,2024-10-30,354305.39,False,INV-178898,Priya Sharma,Disputed
TXN0040,V001,Tata Consultancy Services,27AABCT1234A1Z5,Operations,Travel,2024-10-09,2024-11-08,2024-11-05,78306.42,False,INV-482364,Ravi Kumar,Paid
TXN0041,V004,HCL Technologies,06AABCH3456D4Z9,Legal,Hardware,2024-12-07,2025-01-06,2024-12-24,55882.84,False,INV-526117,Priya Sharma,Paid
TXN0042,V003,Wipro Technologies,29AABCW9012C3Z1,Finance,Maintenance,2024-01-13,2024-02-12,2024-01-28,93783.53,True,INV-531712,Priya Sharma,Paid
TXN0043,V003,Wipro Technologies,29AABCW9012C3Z1,Legal,Software,2024-07-14,2024-08-13,2024-07-30,436722.56,True,INV-309267,Sneha Reddy,Paid
TXN0044,V005,Tech Mahindra,27AABCT7890E5Z7,Finance,Hardware,2024-01-13,2024-02-12,2024-02-05,331716.43,True,INV-172792,Amit Patel,Paid
TXN0045,V009,Shell India,07AABCS1234F6Z2,HR,Office Supplies,2024-10-01,2024-10-31,2024-10-30,168919.18,True,INV-373903,Priya Sharma,Disputed
TXN0046,V005,Tech Mahindra,27AABCT7890E5Z7,IT,Software,2024-11-01,2024-12-01,2024-11-19,220109.06,True,INV-557592,Ravi Kumar,Pending
TXN0047,V010,Siemens India,27AABCS5678G7Z4,Finance,Consulting,2024-01-23,2024-02-22,2024-02-21,355848.72,True,INV-945687,Priya Sharma,Paid
TXN0048,V007,HDFC Bank Ltd,27AAHCH4118H1ZK,IT,Office Supplies,2024-06-18,2024-07-18,2024-07-07,313461.93,True,INV-854717,Amit Patel,Disputed
TXN0049,V005,Tech Mahindra,27AABCT7890E5Z7,Legal,Maintenance,2024-06-16,2024-07-16,2024-07-11,204188.19,True,INV-301158,Sneha Reddy,Pending
TXN0050,V003,Wipro Technologies,29AABCW9012C3Z1,Marketing,Travel,2024-06-03,2024-07-03,2024-06-19,206007.21,False,INV-400850,Priya Sharma,Pending
TXN0051,V010,Siemens India,27AABCS5678G7Z4,Marketing,Office Supplies,2024-06-13,2024-07-13,2024-07-02,500000.0,True,INV-596171,Priya Sharma,Paid
TXN0052,V005,Tech Mahindra,27AABCT7890E5Z7,Marketing,Office Supplies,2024-11-20,2024-12-20,2024-12-18,311534.1,True,INV-887625,Priya Sharma,Paid
TXN0053,V004,HCL Technologies,06AABCH3456D4Z9,Finance,Hardware,2024-01-13,2024-02-12,2024-02-04,27875.79,True,INV-905819,Ravi Kumar,Pending
TXN0054,V007,HDFC Bank Ltd,27AAHCH4118H1ZK,Legal,Travel,2024-04-09,2024-05-09,2024-05-02,360581.23,True,INV-355836,Priya Sharma,Paid
TXN0055,V002,Infosys Limited,29AABCI5678B2Z3,HR,Hardware,2024-03-31,2024-04-30,2024-04-18,403034.38,True,INV-152657,Priya Sharma,Paid
TXN0056,V008,Fraudulent Vendor A,27AABCT1234A1Z5,Finance,Maintenance,2024-12-07,2025-01-06,2024-12-28,267910.28,True,INV-891937,Sneha Reddy,Disputed
TXN0057,V009,Shell India,07AABCS1234F6Z2,HR,Travel,2024-08-16,2024-09-15,2024-09-03,449118.01,True,INV-571932,Amit Patel,Paid
TXN0058,V005,Tech Mahindra,27AABCT7890E5Z7,Marketing,Maintenance,2024-11-16,2024-12-16,2024-12-08,123426.7,False,INV-399607,Priya Sharma,Paid
TXN0059,V006,Reliance Industries,27AAACR5055K1ZT,Operations,Travel,2024-02-11,2024-03-12,2024-03-08,73495.16,True,INV-260227,Priya Sharma,Paid
TXN0060,V007,HDFC Bank Ltd,27AAHCH4118H1ZK,HR,Consulting,2024-10-04,2024-11-03,2024-11-02,235632.53,True,INV-540552,Sneha Reddy,Disputed
TXN0061,V001,Tata Consultancy Services,27AABCT1234A1Z5,Marketing,Maintenance,2024-09-01,2024-10-01,2024-09-25,7918.56,True,INV-508930,Sneha Reddy,Disputed
TXN0062,V009,Shell India,07AABCS1234F6Z2,Marketing,Hardware,2024-09-06,2024-10-06,2024-09-29,113613.71,True,INV-507746,Amit Patel,Pending
TXN0063,V003,Wipro Technologies,29AABCW9012C3Z1,HR,Hardware,2024-11-14,2024-12-14,2024-11-29,269391.2,True,INV-691807,Ravi Kumar,Paid
TXN0064,V007,HDFC Bank Ltd,27AAHCH4118H1ZK,Finance,Maintenance,2024-04-03,2024-05-03,2024-04-26,29890.89,True,INV-576786,Amit Patel,Paid
TXN0065,V007,HDFC Bank Ltd,27AAHCH4118H1ZK,Operations,Maintenance,2024-05-09,2024-06-08,2024-05-31,418280.9,False,INV-665621,Ravi Kumar,Paid
TXN0066,V004,HCL Technologies,06AABCH3456D4Z9,Legal,Software,2024-11-29,2024-12-29,2024-12-28,24927.78,True,INV-309044,Ravi Kumar,Disputed
TXN0067,V003,Wipro Technologies,29AABCW9012C3Z1,Finance,Hardware,2024-08-30,2024-09-29,2024-09-19,336382.13,True,INV-587623,Amit Patel,Paid
TXN0068,V003,Wipro Technologies,29AABCW9012C3Z1,Marketing,Travel,2024-02-28,2024-03-29,2024-03-26,390006.98,True,INV-213349,Ravi Kumar,Paid
TXN0069,V010,Siemens India,27AABCS5678G7Z4,Legal,Maintenance,2024-07-22,2024-08-21,2024-08-17,471027.95,False,INV-824161,Priya Sharma,Paid
TXN0070,V005,Tech Mahindra,27AABCT7890E5Z7,Legal,Travel,2024-03-02,2024-04-01,2024-03-22,399132.47,True,INV-464069,Sneha Reddy,Paid
TXN0071,V002,Infosys Limited,29AABCI5678B2Z3,Marketing,Office Supplies,2024-06-23,2024-07-23,2024-07-16,11262.81,True,INV-210665,Sneha Reddy,Paid
TXN0072,V008,Fraudulent Vendor A,27AABCT1234A1Z5,Legal,Hardware,2024-08-10,2024-09-09,2024-08-31,92187.8,True,INV-383201,Sneha Reddy,Pending
TXN0073,V007,HDFC Bank Ltd,27AAHCH4118H1ZK,Legal,Travel,2024-05-17,2024-06-16,2024-06-12,164540.77,True,INV-190872,Amit Patel,Pending
TXN0074,V004,HCL Technologies,06AABCH3456D4Z9,HR,Travel,2024-11-08,2024-12-08,2024-12-02,335753.29,False,INV-992288,Amit Patel,Paid
TXN0075,V008,Fraudulent Vendor A,27AABCT1234A1Z5,Finance,Consulting,2024-05-12,2024-06-11,2024-05-27,173467.73,True,INV-389688,Ravi Kumar,Disputed
TXN0076,V004,HCL Technologies,06AABCH3456D4Z9,IT,Hardware,2024-07-27,2024-08-26,2024-11-13,246846.03,True,INV-599219,Sneha Reddy,Pending
TXN0077,V001,Tata Consultancy Services,27AABCT1234A1Z5,IT,Consulting,2024-04-23,2024-05-23,2024-05-19,205178.56,True,INV-709805,Amit Patel,Pending
TXN0078,V009,Shell India,07AABCS1234F6Z2,Marketing,Consulting,2024-08-05,2024-09-04,2024-08-26,498332.57,True,INV-836996,Sneha Reddy,Paid
TXN0079,V005,Tech Mahindra,27AABCT7890E5Z7,Operations,Hardware,2024-03-02,2024-04-01,2024-03-26,362035.74,True,INV-661894,Priya Sharma,Paid
TXN0080,V004,HCL Technologies,06AABCH3456D4Z9,Legal,Maintenance,2024-05-21,2024-06-20,2024-06-07,363669.58,True,INV-396745,Ravi Kumar,Paid
TXN0081,V005,Tech Mahindra,27AABCT7890E5Z7,Finance,Consulting,2024-04-01,2024-05-01,2024-04-19,154622.46,False,INV-387636,Ravi Kumar,Paid
TXN0082,V009,Shell India,07AABCS1234F6Z2,Operations,Office Supplies,2024-03-05,2024-04-04,2024-03-22,320745.48,True,INV-112861,Amit Patel,Pending
TXN0083,V008,Fraudulent Vendor A,27AABCT1234A1Z5,HR,Consulting,2024-04-04,2024-05-04,2024-04-29,482921.33,True,INV-600935,Ravi Kumar,Paid
TXN0084,V007,HDFC Bank Ltd,27AAHCH4118H1ZK,HR,Software,2024-10-22,2024-11-21,2024-11-20,316575.62,True,INV-950544,Amit Patel,Paid
TXN0085,V004,HCL Technologies,06AABCH3456D4Z9,IT,Travel,2024-08-01,2024-08-31,2024-08-18,305127.24,True,INV-913373,Sneha Reddy,Pending
TXN0086,V008,Fraudulent Vendor A,27AABCT1234A1Z5,Operations,Travel,2024-08-07,2024-09-06,2024-08-27,156163.22,False,INV-876039,Ravi Kumar,Paid
TXN0087,V004,HCL Technologies,06AABCH3456D4Z9,Operations,Office Supplies,2024-02-11,2024-03-12,2024-03-09,82743.26,True,INV-264136,Ravi Kumar,Pending
TXN0088,V008,Fraudulent Vendor A,27AABCT1234A1Z5,Legal,Travel,2024-08-28,2024-09-27,2024-09-23,149173.35,True,INV-396451,Sneha Reddy,Paid
TXN0089,V004,HCL Technologies,06AABCH3456D4Z9,Operations,Office Supplies,2024-10-28,2024-11-27,2024-11-12,332285.61,True,INV-220351,Priya Sharma,Paid
TXN0090,V005,Tech Mahindra,27AABCT7890E5Z7,Finance,Software,2024-01-31,2024-03-01,2024-02-25,87131.78,True,INV-964278,Amit Patel,Pending
TXN0091,V002,Infosys Limited,29AABCI5678B2Z3,HR,Office Supplies,2024-06-04,2024-07-04,2024-06-29,351368.17,True,INV-617781,Sneha Reddy,Paid
TXN0092,V010,Siemens India,27AABCS5678G7Z4,IT,Maintenance,2024-06-14,2024-07-14,2024-07-13,303838.25,False,INV-807053,Ravi Kumar,Paid
TXN0093,V010,Siemens India,27AABCS5678G7Z4,IT,Hardware,2024-08-28,2024-09-27,2024-09-19,261887.1,True,INV-290305,Sneha Reddy,Pending
TXN0094,V002,Infosys Limited,29AABCI5678B2Z3,HR,Consulting,2024-07-28,2024-08-27,2024-08-16,169987.65,True,INV-268637,Amit Patel,Pending
TXN0095,V008,Fraudulent Vendor A,27AABCT1234A1Z5,Operations,Office Supplies,2024-07-24,2024-08-23,2024-08-14,407715.19,False,INV-192337,Amit Patel,Paid
TXN0096,V006,Reliance Industries,27AAACR5055K1ZT,IT,Maintenance,2024-09-20,2024-10-20,2024-10-19,413338.97,True,INV-668950,Sneha Reddy,Pending
TXN0097,V001,Tata Consultancy Services,27AABCT1234A1Z5,Finance,Travel,2024-07-04,2024-08-03,2024-07-26,313203.77,True,INV-896907,Ravi Kumar,Paid
TXN0098,V005,Tech Mahindra,27AABCT7890E5Z7,Marketing,Hardware,2024-05-27,2024-06-26,2024-06-14,221867.47,True,INV-130271,Priya Sharma,Paid
TXN0099,V005,Tech Mahindra,27AABCT7890E5Z7,Marketing,Software,2024-10-09,2024-11-08,2024-11-04,206955.39,True,INV-218972,Sneha Reddy,Paid
TXN0100,V003,Wipro Technologies,29AABCW9012C3Z1,HR,Office Supplies,2024-05-29,2024-06-28,2024-06-23,256891.65,True,INV-605937,Sneha Reddy,Paid
TXN0101,V008,Fraudulent Vendor A,27AABCT1234A1Z5,Marketing,Hardware,2024-07-15,2024-08-14,2024-07-31,50000.0,False,INV-910208,Sneha Reddy,Paid
TXN0102,V009,Shell India,07AABCS1234F6Z2,Operations,Software,2024-05-24,2024-06-23,2024-06-09,364395.24,True,INV-791998,Sneha Reddy,Paid
TXN0103,V008,Fraudulent Vendor A,27AABCT1234A1Z5,Marketing,Maintenance,2024-06-25,2024-07-25,2024-07-12,169557.78,True,INV-577463,Amit Patel,Paid
TXN0104,V004,HCL Technologies,06AABCH3456D4Z9,Marketing,Maintenance,2024-04-29,2024-05-29,2024-05-22,428726.42,False,INV-880879,Sneha Reddy,Pending
TXN0105,V007,HDFC Bank Ltd,27AAHCH4118H1ZK,Legal,Office Supplies,2024-03-18,2024-04-17,2024-04-16,250187.68,True,INV-718849,Amit Patel,Paid
TXN0106,V008,Fraudulent Vendor A,27AABCT1234A1Z5,IT,Travel,2024-08-21,2024-09-20,2024-09-17,12597.06,True,INV-786587,Priya Sharma,Paid
TXN0107,V008,Fraudulent Vendor A,27AABCT1234A1Z5,Operations,Consulting,2024-11-15,2024-12-15,2024-12-04,347888.78,False,INV-444525,Sneha Reddy,Paid
TXN0108,V008,Fraudulent Vendor A,27AABCT1234A1Z5,Marketing,Software,2024-11-12,2024-12-12,2024-12-01,38868.27,True,INV-401338,Priya Sharma,Paid
TXN0109,V007,HDFC Bank Ltd,27AAHCH4118H1ZK,IT,Office Supplies,2024-12-26,2025-01-25,2025-01-17,436926.72,True,INV-414012,Ravi Kumar,Paid
TXN0110,V006,Reliance Industries,27AAACR5055K1ZT,IT,Consulting,2024-07-02,2024-08-01,2024-07-29,190546.34,True,INV-532067,Priya Sharma,Paid
TXN0111,V003,Wipro Technologies,29AABCW9012C3Z1,IT,Travel,2024-07-14,2024-08-13,2024-08-09,311756.63,True,INV-711484,Priya Sharma,Paid
TXN0112,V008,Fraudulent Vendor A,27AABCT1234A1Z5,Legal,Consulting,2024-08-23,2024-09-22,2024-09-21,131386.72,True,INV-587853,Amit Patel,Disputed
TXN0113,V003,Wipro Technologies,29AABCW9012C3Z1,IT,Maintenance,2024-06-25,2024-07-25,2024-07-20,493887.59,True,INV-544920,Amit Patel,Pending
TXN0114,V005,Tech Mahindra,27AABCT7890E5Z7,Finance,Maintenance,2024-09-04,2024-10-04,2024-09-27,57793.37,True,INV-702733,Amit Patel,Paid
TXN0115,V001,Tata Consultancy Services,27AABCT1234A1Z5,Legal,Maintenance,2024-05-20,2024-06-19,2024-06-05,9008.49,True,INV-880841,Ravi Kumar,Disputed
TXN0116,V008,Fraudulent Vendor A,27AABCT1234A1Z5,Operations,Hardware,2024-11-06,2024-12-06,2024-12-02,401956.32,True,INV-751051,Amit Patel,Paid
TXN0117,V002,Infosys Limited,29AABCI5678B2Z3,Legal,Office Supplies,2024-01-21,2024-02-20,2024-02-12,157921.78,False,INV-482584,Priya Sharma,Paid
TXN0118,V005,Tech Mahindra,27AABCT7890E5Z7,Operations,Office Supplies,2024-07-31,2024-08-30,2024-08-27,91941.83,True,INV-483629,Amit Patel,Paid
TXN0119,V005,Tech Mahindra,27AABCT7890E5Z7,HR,Consulting,2024-06-22,2024-07-22,2024-07-14,403095.11,True,INV-247594,Priya Sharma,Pending
TXN0120,V009,Shell India,07AABCS1234F6Z2,Operations,Software,2024-07-21,2024-08-20,2024-08-11,11889.73,True,INV-486490,Amit Patel,Disputed
TXN0121,V007,HDFC Bank Ltd,27AAHCH4118H1ZK,Legal,Consulting,2024-02-25,2024-03-26,2024-03-18,339044.09,False,INV-688678,Amit Patel,Disputed
TXN0122,V004,HCL Technologies,06AABCH3456D4Z9,Legal,Software,2024-11-21,2024-12-21,2024-12-06,412808.4,True,INV-780776,Sneha Reddy,Paid
TXN0123,V003,Wipro Technologies,29AABCW9012C3Z1,IT,Software,2024-06-04,2024-07-04,2024-07-02,497984.05,False,INV-663658,Priya Sharma,Pending
TXN0124,V008,Fraudulent Vendor A,27AABCT1234A1Z5,Operations,Office Supplies,2024-12-22,2025-01-21,2025-01-14,473257.17,True,INV-861894,Priya Sharma,Pending
TXN0125,V002,Infosys Limited,29AABCI5678B2Z3,HR,Travel,2024-07-27,2024-08-26,2024-08-21,469831.27,False,INV-488528,Priya Sharma,Pending
TXN0126,V008,Fraudulent Vendor A,27AABCT1234A1Z5,Finance,Consulting,2024-02-20,2024-03-21,2024-03-15,490559.22,True,INV-776149,Amit Patel,Paid
TXN0127,V007,HDFC Bank Ltd,27AAHCH4118H1ZK,Operations,Hardware,2024-03-03,2024-04-02,2024-03-19,474760.34,True,INV-794963,Priya Sharma,Disputed
TXN0128,V001,Tata Consultancy Services,27AABCT1234A1Z5,IT,Consulting,2024-05-04,2024-06-03,2024-05-21,494466.35,True,INV-171942,Priya Sharma,Disputed
TXN0129,V004,HCL Technologies,06AABCH3456D4Z9,Finance,Consulting,2024-03-16,2024-04-15,2024-04-05,395378.66,False,INV-251716,Priya Sharma,Disputed
TXN0130,V005,Tech Mahindra,27AABCT7890E5Z7,Finance,Software,2024-12-04,2025-01-03,2024-12-31,433891.7,False,INV-928358,Priya Sharma,Disputed
TXN0131,V006,Reliance Industries,27AAACR5055K1ZT,IT,Hardware,2024-05-15,2024-06-14,2024-06-02,30937.51,True,INV-219169,Ravi Kumar,Pending
TXN0132,V008,Fraudulent Vendor A,27AABCT1234A1Z5,Operations,Travel,2024-10-30,2024-11-29,2024-11-20,58981.73,True,INV-744986,Ravi Kumar,Disputed
TXN0133,V005,Tech Mahindra,27AABCT7890E5Z7,HR,Office Supplies,2024-01-16,2024-02-15,2024-02-07,35108.58,True,INV-546980,Ravi Kumar,Pending
TXN0134,V008,Fraudulent Vendor A,27AABCT1234A1Z5,IT,Software,2024-06-13,2024-07-13,2024-07-11,306107.22,True,INV-754644,Amit Patel,Pending
TXN0135,V010,Siemens India,27AABCS5678G7Z4,Marketing,Consulting,2024-08-20,2024-09-19,2024-09-12,255247.78,False,INV-835869,Ravi Kumar,Disputed
TXN0136,V004,HCL Technologies,06AABCH3456D4Z9,HR,Maintenance,2024-04-26,2024-05-26,2024-05-12,209837.72,True,INV-536196,Ravi Kumar,Paid
TXN0137,V007,HDFC Bank Ltd,27AAHCH4118H1ZK,Operations,Office Supplies,2024-05-10,2024-06-09,2024-06-06,190279.01,True,INV-597305,Ravi Kumar,Paid
TXN0138,V002,Infosys Limited,29AABCI5678B2Z3,IT,Maintenance,2024-02-19,2024-03-20,2024-03-14,373571.54,True,INV-683397,Ravi Kumar,Disputed
TXN0139,V009,Shell India,07AABCS1234F6Z2,Marketing,Consulting,2024-12-09,2025-01-08,2025-01-02,65504.49,True,INV-886730,Sneha Reddy,Paid
TXN0140,V005,Tech Mahindra,27AABCT7890E5Z7,Marketing,Consulting,2024-06-29,2024-07-29,2024-07-20,56282.28,True,INV-788637,Sneha Reddy,Paid
TXN0141,V002,Infosys Limited,29AABCI5678B2Z3,Operations,Travel,2024-07-07,2024-08-06,2024-08-01,61868.23,True,INV-946432,Sneha Reddy,Disputed
TXN0142,V010,Siemens India,27AABCS5678G7Z4,Marketing,Office Supplies,2024-11-25,2024-12-25,2024-12-15,280586.18,True,INV-969752,Amit Patel,Paid
TXN0143,V003,Wipro Technologies,29AABCW9012C3Z1,Operations,Office Supplies,2024-06-07,2024-07-07,2024-07-01,461161.07,False,INV-250210,Sneha Reddy,Paid
TXN0144,V003,Wipro Technologies,29AABCW9012C3Z1,Legal,Office Supplies,2024-01-16,2024-02-15,2024-02-06,50420.05,True,INV-540226,Sneha Reddy,Paid
TXN0145,V003,Wipro Technologies,29AABCW9012C3Z1,Operations,Consulting,2024-06-15,2024-07-15,2024-07-05,389533.63,True,INV-155164,Priya Sharma,Paid
TXN0146,V010,Siemens India,27AABCS5678G7Z4,IT,Office Supplies,2024-02-11,2024-03-12,2024-03-01,139690.91,True,INV-736565,Sneha Reddy,Pending
TXN0147,V005,Tech Mahindra,27AABCT7890E5Z7,Finance,Travel,2024-02-28,2024-03-29,2024-03-27,175860.56,True,INV-811444,Sneha Reddy,Disputed
TXN0148,V005,Tech Mahindra,27AABCT7890E5Z7,IT,Hardware,2024-07-21,2024-08-20,2024-08-19,492300.6,False,INV-416061,Priya Sharma,Paid
TXN0149,V005,Tech Mahindra,27AABCT7890E5Z7,Operations,Consulting,2024-03-02,2024-04-01,2024-03-20,8826.3,True,INV-235461,Sneha Reddy,Disputed
TXN0150,V004,HCL Technologies,06AABCH3456D4Z9,Marketing,Travel,2024-12-08,2025-01-07,2025-01-05,404069.09,True,INV-878086,Ravi Kumar,Pending
TXN0151,V001,Tata Consultancy Services,27AABCT1234A1Z5,HR,Software,2024-06-09,2024-07-09,2024-09-23,500000.0,True,INV-403578,Ravi Kumar,Pending
TXN0152,V001,Tata Consultancy Services,27AABCT1234A1Z5,Operations,Hardware,2024-11-12,2024-12-12,2024-11-30,232747.97,True,INV-192410,Sneha Reddy,Paid
TXN0153,V004,HCL Technologies,06AABCH3456D4Z9,HR,Travel,2024-07-24,2024-08-23,2024-08-16,264361.46,True,INV-882033,Amit Patel,Paid
TXN0154,V006,Reliance Industries,27AAACR5055K1ZT,Finance,Software,2024-09-18,2024-10-18,2024-10-09,318446.21,True,INV-913934,Amit Patel,Paid
TXN0155,V003,Wipro Technologies,29AABCW9012C3Z1,Finance,Software,2024-03-15,2024-04-14,2024-04-11,131704.27,True,INV-897143,Ravi Kumar,Paid
TXN0156,V008,Fraudulent Vendor A,27AABCT1234A1Z5,HR,Travel,2024-10-23,2024-11-22,2024-11-07,227208.1,True,INV-774225,Amit Patel,Paid
TXN0157,V003,Wipro Technologies,29AABCW9012C3Z1,HR,Software,2024-08-28,2024-09-27,2024-09-22,223892.99,True,INV-720148,Ravi Kumar,Paid
TXN0158,V009,Shell India,07AABCS1234F6Z2,IT,Consulting,2024-08-24,2024-09-23,2024-09-22,228697.36,True,INV-401022,Ravi Kumar,Paid
TXN0159,V010,Siemens India,27AABCS5678G7Z4,Marketing,Travel,2024-07-15,2024-08-14,2024-08-05,234042.27,True,INV-874814,Ravi Kumar,Pending
TXN0160,V010,Siemens India,27AABCS5678G7Z4,Legal,Hardware,2024-06-13,2024-07-13,2024-07-04,304477.89,True,INV-164879,Sneha Reddy,Paid
TXN0161,V006,Reliance Industries,27AAACR5055K1ZT,Legal,Software,2024-09-15,2024-10-15,2024-10-14,324832.91,False,INV-559022,Sneha Reddy,Disputed
TXN0162,V009,Shell India,07AABCS1234F6Z2,Marketing,Hardware,2024-07-05,2024-08-04,2024-07-30,189561.73,True,INV-912085,Amit Patel,Disputed
TXN0163,V001,Tata Consultancy Services,27AABCT1234A1Z5,Legal,Office Supplies,2024-06-20,2024-07-20,2024-07-18,37626.37,True,INV-505341,Amit Patel,Paid
TXN0164,V010,Siemens India,27AABCS5678G7Z4,Finance,Consulting,2024-02-11,2024-03-12,2024-03-09,293456.06,True,INV-425301,Sneha Reddy,Paid
TXN0165,V010,Siemens India,27AABCS5678G7Z4,Legal,Software,2024-06-07,2024-07-07,2024-06-26,281666.42,True,INV-952686,Priya Sharma,Disputed
TXN0166,V002,Infosys Limited,29AABCI5678B2Z3,Legal,Office Supplies,2024-08-04,2024-09-03,2024-09-02,256701.8,True,INV-289019,Priya Sharma,Paid
TXN0167,V008,Fraudulent Vendor A,27AABCT1234A1Z5,Finance,Hardware,2024-03-11,2024-04-10,2024-04-05,81697.86,True,INV-206053,Ravi Kumar,Paid
TXN0168,V010,Siemens India,27AABCS5678G7Z4,Finance,Travel,2024-07-11,2024-08-10,2024-08-07,81355.12,True,INV-908554,Priya Sharma,Pending
TXN0169,V001,Tata Consultancy Services,27AABCT1234A1Z5,HR,Consulting,2024-12-12,2025-01-11,2025-01-03,361194.91,True,INV-888939,Sneha Reddy,Paid
TXN0170,V009,Shell India,07AABCS1234F6Z2,Finance,Consulting,2024-08-28,2024-09-27,2024-09-23,452467.3,True,INV-698128,Sneha Reddy,Pending
TXN0171,V005,Tech Mahindra,27AABCT7890E5Z7,HR,Travel,2024-09-27,2024-10-27,2024-10-24,212237.11,True,INV-940181,Priya Sharma,Paid
TXN0172,V001,Tata Consultancy Services,27AABCT1234A1Z5,Legal,Maintenance,2024-07-09,2024-08-08,2024-08-06,279497.67,True,INV-640970,Ravi Kumar,Paid
TXN0173,V002,Infosys Limited,29AABCI5678B2Z3,Finance,Consulting,2024-08-18,2024-09-17,2024-09-14,453126.57,True,INV-196168,Priya Sharma,Pending
TXN0174,V006,Reliance Industries,27AAACR5055K1ZT,IT,Maintenance,2024-01-28,2024-02-27,2024-02-21,201244.71,True,INV-185569,Amit Patel,Paid
TXN0175,V001,Tata Consultancy Services,27AABCT1234A1Z5,Operations,Software,2024-11-28,2024-12-28,2024-12-25,170968.73,True,INV-400814,Sneha Reddy,Paid
TXN0176,V008,Fraudulent Vendor A,27AABCT1234A1Z5,HR,Travel,2024-01-03,2024-02-02,2024-02-01,453399.46,True,INV-975522,Priya Sharma,Disputed
TXN0177,V010,Siemens India,27AABCS5678G7Z4,Marketing,Maintenance,2024-02-26,2024-03-27,2024-03-23,389205.45,True,INV-150068,Priya Sharma,Pending
TXN0178,V010,Siemens India,27AABCS5678G7Z4,HR,Software,2024-02-26,2024-03-27,2024-03-19,419160.42,True,INV-117233,Priya Sharma,Paid
TXN0179,V005,Tech Mahindra,27AABCT7890E5Z7,HR,Software,2024-11-10,2024-12-10,2024-11-30,179643.94,True,INV-796643,Ravi Kumar,Disputed
TXN0180,V006,Reliance Industries,27AAACR5055K1ZT,IT,Travel,2024-10-05,2024-11-04,2024-10-26,256127.21,True,INV-509420,Sneha Reddy,Paid
TXN0181,V007,HDFC Bank Ltd,27AAHCH4118H1ZK,Operations,Consulting,2024-01-09,2024-02-08,2024-02-06,181761.47,True,INV-868544,Ravi Kumar,Disputed
TXN0182,V006,Reliance Industries,27AAACR5055K1ZT,Finance,Software,2024-06-29,2024-07-29,2024-07-15,275276.8,True,INV-970720,Sneha Reddy,Pending
TXN0183,V003,Wipro Technologies,29AABCW9012C3Z1,Finance,Software,2024-08-22,2024-09-21,2024-09-17,23306.98,False,INV-309159,Ravi Kumar,Paid
TXN0184,V005,Tech Mahindra,27AABCT7890E5Z7,Marketing,Maintenance,2024-10-05,2024-11-04,2024-11-03,239332.89,True,INV-300386,Amit Patel,Paid
TXN0185,V001,Tata Consultancy Services,27AABCT1234A1Z5,Legal,Consulting,2024-05-19,2024-06-18,2024-06-12,66615.13,True,INV-519453,Sneha Reddy,Pending
TXN0186,V006,Reliance Industries,27AAACR5055K1ZT,Finance,Maintenance,2024-12-20,2025-01-19,2025-01-04,251274.08,True,INV-379676,Ravi Kumar,Pending
TXN0187,V002,Infosys Limited,29AABCI5678B2Z3,HR,Travel,2024-04-02,2024-05-02,2024-04-26,275009.83,True,INV-443848,Amit Patel,Paid
TXN0188,V008,Fraudulent Vendor A,27AABCT1234A1Z5,Marketing,Office Supplies,2024-08-06,2024-09-05,2024-08-28,87489.16,True,INV-144412,Amit Patel,Disputed
TXN0189,V007,HDFC Bank Ltd,27AAHCH4118H1ZK,Operations,Office Supplies,2024-01-30,2024-02-29,2024-02-18,42145.38,True,INV-638009,Priya Sharma,Paid
TXN0190,V003,Wipro Technologies,29AABCW9012C3Z1,Marketing,Office Supplies,2024-08-12,2024-09-11,2024-09-09,22225.49,True,INV-776502,Amit Patel,Paid
TXN0191,V007,HDFC Bank Ltd,27AAHCH4118H1ZK,Marketing,Software,2024-11-05,2024-12-05,2024-11-27,80951.89,True,INV-490084,Sneha Reddy,Paid
TXN0192,V010,Siemens India,27AABCS5678G7Z4,Finance,Travel,2024-07-06,2024-08-05,2024-07-25,202026.85,True,INV-218959,Ravi Kumar,Paid
TXN0193,V008,Fraudulent Vendor A,27AABCT1234A1Z5,Marketing,Maintenance,2024-10-14,2024-11-13,2024-10-31,63291.69,True,INV-567951,Priya Sharma,Disputed
TXN0194,V005,Tech Mahindra,27AABCT7890E5Z7,Legal,Maintenance,2024-04-12,2024-05-12,2024-04-28,65705.52,False,INV-281043,Sneha Reddy,Paid
TXN0195,V006,Reliance Industries,27AAACR5055K1ZT,Legal,Consulting,2024-12-29,2025-01-28,2025-01-19,37144.84,True,INV-414527,Priya Sharma,Paid
TXN0196,V006,Reliance Industries,27AAACR5055K1ZT,Marketing,Hardware,2024-03-03,2024-04-02,2024-03-20,492640.61,True,INV-928766,Sneha Reddy,Paid
TXN0197,V006,Reliance Industries,27AAACR5055K1ZT,Marketing,Travel,2024-07-07,2024-08-06,2024-07-28,236365.89,True,INV-190403,Ravi Kumar,Paid
TXN0198,V007,HDFC Bank Ltd,27AAHCH4118H1ZK,Legal,Office Supplies,2024-09-02,2024-10-02,2024-09-19,265219.35,True,INV-702826,Ravi Kumar,Paid
TXN0199,V006,Reliance Industries,27AAACR5055K1ZT,Legal,Software,2024-08-18,2024-09-17,2024-09-08,235587.43,True,INV-969325,Priya Sharma,Paid
TXN0200,V007,HDFC Bank Ltd,27AAHCH4118H1ZK,Marketing,Software,2024-03-04,2024-04-03,2024-03-29,261460.56,True,INV-438334,Priya Sharma,Paid
TXN0201,V009,Shell India,07AABCS1234F6Z2,Operations,Software,2024-05-08,2024-06-07,2024-06-04,100000.0,False,INV-744274,Ravi Kumar,Disputed
TXN0202,V003,Wipro Technologies,29AABCW9012C3Z1,Marketing,Travel,2024-03-19,2024-04-18,2024-04-08,89744.31,True,INV-734534,Amit Patel,Disputed
TXN0203,V001,Tata Consultancy Services,27AABCT1234A1Z5,IT,Software,2024-01-24,2024-02-23,2024-02-10,474530.69,True,INV-782759,Priya Sharma,Disputed
TXN0204,V007,HDFC Bank Ltd,27AAHCH4118H1ZK,Marketing,Office Supplies,2024-01-16,2024-02-15,2024-02-04,251528.84,True,INV-773088,Amit Patel,Pending
TXN0205,V004,HCL Technologies,06AABCH3456D4Z9,Legal,Maintenance,2024-06-01,2024-07-01,2024-06-19,229504.35,False,INV-560959,Sneha Reddy,Pending
TXN0206,V008,Fraudulent Vendor A,27AABCT1234A1Z5,Finance,Consulting,2024-11-06,2024-12-06,2024-11-22,76116.0,True,INV-869864,Amit Patel,Pending
TXN0207,V003,Wipro Technologies,29AABCW9012C3Z1,Operations,Travel,2024-10-14,2024-11-13,2024-11-09,57561.05,True,INV-380464,Sneha Reddy,Paid
TXN0208,V003,Wipro Technologies,29AABCW9012C3Z1,IT,Software,2024-05-28,2024-06-27,2024-06-13,472965.52,True,INV-360330,Priya Sharma,Paid
TXN0209,V010,Siemens India,27AABCS5678G7Z4,Legal,Consulting,2024-04-07,2024-05-07,2024-04-29,382745.08,True,INV-589491,Sneha Reddy,Paid
TXN0210,V008,Fraudulent Vendor A,27AABCT1234A1Z5,IT,Software,2024-07-20,2024-08-19,2024-08-15,255195.01,True,INV-470037,Ravi Kumar,Paid
TXN0211,V005,Tech Mahindra,27AABCT7890E5Z7,HR,Travel,2024-11-30,2024-12-30,2024-12-25,337897.7,True,INV-988324,Ravi Kumar,Pending
TXN0212,V003,Wipro Technologies,29AABCW9012C3Z1,Operations,Office Supplies,2024-07-06,2024-08-05,2024-07-30,383109.1,False,INV-153642,Priya Sharma,Paid
TXN0213,V009,Shell India,07AABCS1234F6Z2,Operations,Software,2024-07-16,2024-08-15,2024-08-02,254606.49,True,INV-965401,Ravi Kumar,Paid
TXN0214,V002,Infosys Limited,29AABCI5678B2Z3,HR,Consulting,2024-06-22,2024-07-22,2024-07-16,281126.76,True,INV-308727,Sneha Reddy,Disputed
TXN0215,V001,Tata Consultancy Services,27AABCT1234A1Z5,IT,Software,2024-03-11,2024-04-10,2024-03-28,358227.96,True,INV-579187,Priya Sharma,Disputed
TXN0216,V009,Shell India,07AABCS1234F6Z2,Finance,Consulting,2024-11-09,2024-12-09,2024-12-02,162672.37,True,INV-875232,Amit Patel,Disputed
TXN0217,V006,Reliance Industries,27AAACR5055K1ZT,Marketing,Travel,2024-09-29,2024-10-29,2024-10-19,247474.09,True,INV-955374,Ravi Kumar,Paid
TXN0218,V006,Reliance Industries,27AAACR5055K1ZT,Legal,Software,2024-08-01,2024-08-31,2024-08-18,293932.56,True,INV-821466,Ravi Kumar,Disputed
TXN0219,V008,Fraudulent Vendor A,27AABCT1234A1Z5,Operations,Office Supplies,2024-10-23,2024-11-22,2024-11-10,290929.03,False,INV-603787,Priya Sharma,Disputed
TXN0220,V010,Siemens India,27AABCS5678G7Z4,HR,Hardware,2024-12-14,2025-01-13,2025-01-03,124887.3,True,INV-215233,Priya Sharma,Paid
TXN0221,V008,Fraudulent Vendor A,27AABCT1234A1Z5,Operations,Maintenance,2024-03-18,2024-04-17,2024-04-13,209415.25,True,INV-912617,Sneha Reddy,Paid
TXN0222,V003,Wipro Technologies,29AABCW9012C3Z1,Marketing,Hardware,2024-10-14,2024-11-13,2024-11-02,165899.52,True,INV-495129,Amit Patel,Paid
TXN0223,V008,Fraudulent Vendor A,27AABCT1234A1Z5,Marketing,Consulting,2024-10-06,2024-11-05,2024-10-23,180372.06,True,INV-813813,Amit Patel,Disputed
TXN0224,V008,Fraudulent Vendor A,27AABCT1234A1Z5,Finance,Hardware,2024-05-22,2024-06-21,2024-06-17,281252.89,True,INV-412071,Amit Patel,Paid
TXN0225,V008,Fraudulent Vendor A,27AABCT1234A1Z5,Operations,Maintenance,2024-06-27,2024-07-27,2024-07-12,282441.36,True,INV-386741,Amit Patel,Paid
TXN0226,V010,Siemens India,27AABCS5678G7Z4,Legal,Travel,2024-07-13,2024-08-12,2024-10-07,448401.43,True,INV-910616,Priya Sharma,Paid
TXN0227,V001,Tata Consultancy Services,27AABCT1234A1Z5,Operations,Office Supplies,2024-02-10,2024-03-11,2024-03-03,176449.94,True,INV-883641,Sneha Reddy,Paid
TXN0228,V004,HCL Technologies,06AABCH3456D4Z9,Marketing,Consulting,2024-10-14,2024-11-13,2024-11-10,349604.79,True,INV-876880,Priya Sharma,Paid
TXN0229,V001,Tata Consultancy Services,27AABCT1234A1Z5,Legal,Travel,2024-04-25,2024-05-25,2024-05-24,320782.56,True,INV-446337,Sneha Reddy,Paid
TXN0230,V003,Wipro Technologies,29AABCW9012C3Z1,IT,Travel,2024-03-21,2024-04-20,2024-04-05,206419.19,True,INV-598807,Sneha Reddy,Paid
TXN0231,V005,Tech Mahindra,27AABCT7890E5Z7,Operations,Consulting,2024-11-26,2024-12-26,2024-12-13,34285.48,False,INV-702022,Priya Sharma,Disputed
TXN0232,V001,Tata Consultancy Services,27AABCT1234A1Z5,Finance,Maintenance,2024-03-31,2024-04-30,2024-04-29,467291.69,True,INV-516278,Sneha Reddy,Paid
TXN0233,V005,Tech Mahindra,27AABCT7890E5Z7,IT,Software,2024-06-01,2024-07-01,2024-06-29,286141.12,True,INV-451317,Amit Patel,Pending
TXN0234,V009,Shell India,07AABCS1234F6Z2,Marketing,Maintenance,2024-03-09,2024-04-08,2024-03-31,426274.57,True,INV-948102,Ravi Kumar,Paid
TXN0235,V003,Wipro Technologies,29AABCW9012C3Z1,Legal,Maintenance,2024-11-27,2024-12-27,2024-12-24,132346.12,False,INV-453487,Amit Patel,Disputed
TXN0236,V004,HCL Technologies,06AABCH3456D4Z9,Finance,Travel,2024-11-23,2024-12-23,2024-12-09,449036.17,True,INV-443856,Ravi Kumar,Pending
TXN0237,V002,Infosys Limited,29AABCI5678B2Z3,Finance,Hardware,2024-09-01,2024-10-01,2024-09-27,165182.83,False,INV-502206,Priya Sharma,Pending
TXN0238,V005,Tech Mahindra,27AABCT7890E5Z7,Operations,Consulting,2024-10-25,2024-11-24,2024-11-23,362826.85,True,INV-477017,Priya Sharma,Paid
TXN0239,V002,Infosys Limited,29AABCI5678B2Z3,HR,Consulting,2024-03-22,2024-04-21,2024-04-12,205681.22,True,INV-837733,Amit Patel,Paid
TXN0240,V005,Tech Mahindra,27AABCT7890E5Z7,Operations,Travel,2024-04-23,2024-05-23,2024-05-20,113468.66,True,INV-577079,Amit Patel,Pending
TXN0241,V009,Shell India,07AABCS1234F6Z2,HR,Travel,2024-12-06,2025-01-05,2024-12-23,413673.74,False,INV-891401,Ravi Kumar,Disputed
TXN0242,V008,Fraudulent Vendor A,27AABCT1234A1Z5,Marketing,Office Supplies,2024-07-04,2024-08-03,2024-07-24,43660.85,True,INV-969032,Priya Sharma,Disputed
TXN0243,V009,Shell India,07AABCS1234F6Z2,Finance,Hardware,2024-06-16,2024-07-16,2024-07-08,427970.57,True,INV-315379,Sneha Reddy,Paid
TXN0244,V009,Shell India,07AABCS1234F6Z2,HR,Software,2024-08-20,2024-09-19,2024-09-12,70312.45,True,INV-160541,Sneha Reddy,Paid
TXN0245,V001,Tata Consultancy Services,27AABCT1234A1Z5,HR,Consulting,2024-01-02,2024-02-01,2024-01-22,374173.22,False,INV-544278,Amit Patel,Paid
TXN0246,V009,Shell India,07AABCS1234F6Z2,IT,Software,2024-08-29,2024-09-28,2024-09-21,20708.76,True,INV-242007,Sneha Reddy,Paid
TXN0247,V007,HDFC Bank Ltd,27AAHCH4118H1ZK,HR,Maintenance,2024-07-11,2024-08-10,2024-07-30,44723.75,True,INV-239449,Amit Patel,Paid
TXN0248,V003,Wipro Technologies,29AABCW9012C3Z1,Marketing,Maintenance,2024-09-27,2024-10-27,2024-10-23,68036.81,True,INV-892911,Ravi Kumar,Paid
TXN0249,V008,Fraudulent Vendor A,27AABCT1234A1Z5,Legal,Office Supplies,2024-10-05,2024-11-04,2024-10-28,214943.37,True,INV-359535,Sneha Reddy,Paid
TXN0250,V003,Wipro Technologies,29AABCW9012C3Z1,Operations,Hardware,2024-02-27,2024-03-28,2024-03-17,20947.57,True,INV-903265,Ravi Kumar,Paid
TXN0251,V004,HCL Technologies,06AABCH3456D4Z9,IT,Software,2024-10-31,2024-11-30,2024-11-26,10000.0,True,INV-521805,Sneha Reddy,Paid
TXN0252,V009,Shell India,07AABCS1234F6Z2,Finance,Software,2024-03-12,2024-04-11,2024-04-06,254428.45,True,INV-867051,Amit Patel,Disputed
TXN0253,V010,Siemens India,27AABCS5678G7Z4,Legal,Consulting,2024-05-01,2024-05-31,2024-05-28,154373.4,True,INV-646571,Priya Sharma,Pending
TXN0254,V005,Tech Mahindra,27AABCT7890E5Z7,Operations,Software,2024-10-12,2024-11-11,2024-10-27,474517.53,True,INV-283640,Sneha Reddy,Disputed
TXN0255,V008,Fraudulent Vendor A,27AABCT1234A1Z5,IT,Consulting,2024-11-25,2024-12-25,2024-12-12,337314.55,True,INV-830132,Sneha Reddy,Pending
TXN0256,V003,Wipro Technologies,29AABCW9012C3Z1,Operations,Maintenance,2024-04-04,2024-05-04,2024-04-26,378435.97,True,INV-336290,Amit Patel,Paid
TXN0257,V008,Fraudulent Vendor A,27AABCT1234A1Z5,IT,Travel,2024-07-30,2024-08-29,2024-08-20,484054.16,True,INV-507286,Priya Sharma,Paid
TXN0258,V004,HCL Technologies,06AABCH3456D4Z9,Operations,Office Supplies,2024-02-10,2024-03-11,2024-02-26,461501.92,True,INV-661654,Priya Sharma,Paid
TXN0259,V005,Tech Mahindra,27AABCT7890E5Z7,HR,Office Supplies,2024-11-05,2024-12-05,2024-11-21,303446.41,False,INV-943737,Priya Sharma,Pending
TXN0260,V004,HCL Technologies,06AABCH3456D4Z9,Operations,Consulting,2024-01-08,2024-02-07,2024-02-03,109844.85,True,INV-223014,Sneha Reddy,Paid
TXN0261,V010,Siemens India,27AABCS5678G7Z4,Legal,Hardware,2024-07-22,2024-08-21,2024-08-12,457987.6,True,INV-396809,Sneha Reddy,Pending
TXN0262,V009,Shell India,07AABCS1234F6Z2,Legal,Consulting,2024-06-06,2024-07-06,2024-06-27,134473.01,True,INV-588640,Ravi Kumar,Pending
TXN0263,V006,Reliance Industries,27AAACR5055K1ZT,Finance,Consulting,2024-06-09,2024-07-09,2024-06-29,209895.43,True,INV-877259,Priya Sharma,Paid
TXN0264,V005,Tech Mahindra,27AABCT7890E5Z7,Marketing,Travel,2024-10-23,2024-11-22,2024-11-17,361405.91,True,INV-445888,Priya Sharma,Pending
TXN0265,V010,Siemens India,27AABCS5678G7Z4,Finance,Maintenance,2024-10-08,2024-11-07,2024-10-27,329030.94,True,INV-900441,Sneha Reddy,Pending
TXN0266,V008,Fraudulent Vendor A,27AABCT1234A1Z5,Finance,Office Supplies,2024-06-29,2024-07-29,2024-07-17,88786.53,True,INV-292988,Ravi Kumar,Disputed
TXN0267,V001,Tata Consultancy Services,27AABCT1234A1Z5,IT,Office Supplies,2024-01-25,2024-02-24,2024-02-17,383347.73,True,INV-761338,Priya Sharma,Paid
TXN0268,V003,Wipro Technologies,29AABCW9012C3Z1,IT,Hardware,2024-09-15,2024-10-15,2024-10-14,230724.78,True,INV-799143,Sneha Reddy,Pending
TXN0269,V001,Tata Consultancy Services,27AABCT1234A1Z5,IT,Travel,2024-10-09,2024-11-08,2024-11-07,208612.56,True,INV-388086,Amit Patel,Paid
TXN0270,V009,Shell India,07AABCS1234F6Z2,Legal,Office Supplies,2024-08-08,2024-09-07,2024-08-23,404053.01,True,INV-200992,Priya Sharma,Paid
TXN0271,V004,HCL Technologies,06AABCH3456D4Z9,Marketing,Travel,2024-05-09,2024-06-08,2024-06-03,408531.12,True,INV-182857,Amit Patel,Pending
TXN0272,V008,Fraudulent Vendor A,27AABCT1234A1Z5,Marketing,Hardware,2024-12-22,2025-01-21,2025-01-10,116799.34,True,INV-184532,Ravi Kumar,Paid
TXN0273,V007,HDFC Bank Ltd,27AAHCH4118H1ZK,HR,Maintenance,2024-10-09,2024-11-08,2024-10-28,240622.52,False,INV-279708,Ravi Kumar,Pending
TXN0274,V007,HDFC Bank Ltd,27AAHCH4118H1ZK,Legal,Consulting,2024-10-16,2024-11-15,2024-11-13,488777.97,True,INV-144618,Priya Sharma,Paid
TXN0275,V010,Siemens India,27AABCS5678G7Z4,HR,Consulting,2024-01-24,2024-02-23,2024-02-12,462458.84,True,INV-669408,Ravi Kumar,Paid
TXN0276,V006,Reliance Industries,27AAACR5055K1ZT,IT,Hardware,2024-10-27,2024-11-26,2024-11-12,76374.82,True,INV-517643,Ravi Kumar,Paid
TXN0277,V003,Wipro Technologies,29AABCW9012C3Z1,Marketing,Hardware,2024-10-17,2024-11-16,2024-11-09,418152.03,True,INV-666820,Amit Patel,Pending
TXN0278,V003,Wipro Technologies,29AABCW9012C3Z1,Legal,Office Supplies,2024-02-10,2024-03-11,2024-03-05,252892.46,False,INV-558320,Priya Sharma,Paid
TXN0279,V006,Reliance Industries,27AAACR5055K1ZT,Marketing,Travel,2024-10-31,2024-11-30,2024-11-17,201368.01,True,INV-764926,Amit Patel,Pending
TXN0280,V008,Fraudulent Vendor A,27AABCT1234A1Z5,Finance,Consulting,2024-10-10,2024-11-09,2024-11-02,470865.71,True,INV-714334,Sneha Reddy,Paid
TXN0281,V010,Siemens India,27AABCS5678G7Z4,Operations,Hardware,2024-02-07,2024-03-08,2024-03-05,45608.81,False,INV-921968,Priya Sharma,Pending
TXN0282,V006,Reliance Industries,27AAACR5055K1ZT,Operations,Software,2024-02-16,2024-03-17,2024-03-12,7571.64,True,INV-898329,Amit Patel,Paid
TXN0283,V003,Wipro Technologies,29AABCW9012C3Z1,IT,Hardware,2024-08-08,2024-09-07,2024-08-29,227177.62,True,INV-208310,Ravi Kumar,Paid
TXN0284,V006,Reliance Industries,27AAACR5055K1ZT,Marketing,Software,2024-11-01,2024-12-01,2024-11-25,301031.68,True,INV-112940,Amit Patel,Pending
TXN0285,V007,HDFC Bank Ltd,27AAHCH4118H1ZK,IT,Office Supplies,2024-10-13,2024-11-12,2024-11-08,453077.75,True,INV-277820,Sneha Reddy,Paid
TXN0286,V003,Wipro Technologies,29AABCW9012C3Z1,Operations,Consulting,2024-05-17,2024-06-16,2024-06-14,249096.35,True,INV-389366,Sneha Reddy,Paid
TXN0287,V008,Fraudulent Vendor A,27AABCT1234A1Z5,IT,Consulting,2024-05-08,2024-06-07,2024-05-26,472390.04,True,INV-722651,Priya Sharma,Pending
TXN0288,V002,Infosys Limited,29AABCI5678B2Z3,Finance,Consulting,2024-01-04,2024-02-03,2024-01-28,474667.61,True,INV-498343,Amit Patel,Pending
TXN0289,V006,Reliance Industries,27AAACR5055K1ZT,HR,Office Supplies,2024-10-31,2024-11-30,2024-11-24,72381.61,True,INV-829066,Priya Sharma,Pending
TXN0290,V006,Reliance Industries,27AAACR5055K1ZT,Finance,Maintenance,2024-06-12,2024-07-12,2024-06-30,149266.84,True,INV-703853,Priya Sharma,Paid
TXN0291,V007,HDFC Bank Ltd,27AAHCH4118H1ZK,Operations,Maintenance,2024-07-05,2024-08-04,2024-07-25,61374.47,True,INV-672133,Priya Sharma,Disputed
TXN0292,V001,Tata Consultancy Services,27AABCT1234A1Z5,Legal,Maintenance,2024-12-28,2025-01-27,2025-01-14,108775.96,True,INV-826490,Ravi Kumar,Pending
TXN0293,V008,Fraudulent Vendor A,27AABCT1234A1Z5,Finance,Office Supplies,2024-06-04,2024-07-04,2024-06-23,124800.48,True,INV-543681,Sneha Reddy,Paid
TXN0294,V008,Fraudulent Vendor A,27AABCT1234A1Z5,Marketing,Maintenance,2024-10-25,2024-11-24,2024-11-15,203398.52,True,INV-825309,Sneha Reddy,Disputed
TXN0295,V001,Tata Consultancy Services,27AABCT1234A1Z5,Operations,Office Supplies,2024-10-01,2024-10-31,2024-10-16,298940.87,False,INV-906306,Priya Sharma,Paid
TXN0296,V003,Wipro Technologies,29AABCW9012C3Z1,Legal,Travel,2024-01-23,2024-02-22,2024-02-11,283794.04,True,INV-519029,Amit Patel,Pending
TXN0297,V002,Infosys Limited,29AABCI5678B2Z3,IT,Software,2024-05-12,2024-06-11,2024-05-30,114890.53,True,INV-708717,Priya Sharma,Pending
TXN0298,V006,Reliance Industries,27AAACR5055K1ZT,HR,Maintenance,2024-12-13,2025-01-12,2025-01-03,296352.03,True,INV-125755,Sneha Reddy,Paid
TXN0299,V005,Tech Mahindra,27AABCT7890E5Z7,HR,Software,2024-02-29,2024-03-30,2024-03-18,416502.28,True,INV-427040,Amit Patel,Pending
TXN0300,V004,HCL Technologies,06AABCH3456D4Z9,Marketing,Maintenance,2024-06-27,2024-07-27,2024-07-19,240700.45,True,INV-574425,Amit Patel,Paid
TXN0301,V005,Tech Mahindra,27AABCT7890E5Z7,IT,Office Supplies,2024-02-28,2024-03-29,2024-06-09,100000.0,True,INV-938913,Priya Sharma,Paid
TXN0302,V009,Shell India,07AABCS1234F6Z2,Finance,Travel,2024-03-22,2024-04-21,2024-04-14,168839.88,True,INV-343118,Sneha Reddy,Paid
TXN0303,V003,Wipro Technologies,29AABCW9012C3Z1,Legal,Office Supplies,2024-08-09,2024-09-08,2024-08-27,200813.28,True,INV-306909,Sneha Reddy,Disputed
TXN0304,V007,HDFC Bank Ltd,27AAHCH4118H1ZK,HR,Software,2024-12-26,2025-01-25,2025-01-20,111324.07,True,INV-948014,Ravi Kumar,Disputed
TXN0305,V002,Infosys Limited,29AABCI5678B2Z3,Marketing,Hardware,2024-07-06,2024-08-05,2024-07-28,166362.53,True,INV-803281,Sneha Reddy,Disputed
TXN0306,V006,Reliance Industries,27AAACR5055K1ZT,Marketing,Maintenance,2024-11-08,2024-12-08,2024-12-06,199309.28,True,INV-986589,Sneha Reddy,Disputed
TXN0307,V003,Wipro Technologies,29AABCW9012C3Z1,Legal,Office Supplies,2024-06-01,2024-07-01,2024-06-21,459747.88,False,INV-240454,Amit Patel,Paid
TXN0308,V004,HCL Technologies,06AABCH3456D4Z9,Operations,Software,2024-04-03,2024-05-03,2024-04-30,189786.51,True,INV-538555,Priya Sharma,Disputed
TXN0309,V007,HDFC Bank Ltd,27AAHCH4118H1ZK,HR,Hardware,2024-09-06,2024-10-06,2024-09-24,319573.31,True,INV-281649,Priya Sharma,Pending
TXN0310,V005,Tech Mahindra,27AABCT7890E5Z7,Finance,Hardware,2024-06-10,2024-07-10,2024-06-30,421782.68,False,INV-476479,Ravi Kumar,Pending
TXN0311,V003,Wipro Technologies,29AABCW9012C3Z1,Finance,Maintenance,2024-10-14,2024-11-13,2024-11-05,255191.82,True,INV-615611,Sneha Reddy,Pending
TXN0312,V008,Fraudulent Vendor A,27AABCT1234A1Z5,Finance,Software,2024-10-16,2024-11-15,2024-11-02,20276.05,True,INV-134283,Amit Patel,Paid
TXN0313,V009,Shell India,07AABCS1234F6Z2,Operations,Hardware,2024-08-22,2024-09-21,2024-09-08,284996.98,True,INV-676429,Ravi Kumar,Disputed
TXN0314,V002,Infosys Limited,29AABCI5678B2Z3,Operations,Travel,2024-07-06,2024-08-05,2024-07-23,273311.47,False,INV-853905,Sneha Reddy,Disputed
TXN0315,V004,HCL Technologies,06AABCH3456D4Z9,HR,Software,2024-11-30,2024-12-30,2024-12-25,376916.02,True,INV-133796,Sneha Reddy,Paid
TXN0316,V006,Reliance Industries,27AAACR5055K1ZT,IT,Maintenance,2024-03-01,2024-03-31,2024-03-27,388937.67,True,INV-873443,Amit Patel,Disputed
TXN0317,V007,HDFC Bank Ltd,27AAHCH4118H1ZK,Finance,Travel,2024-03-12,2024-04-11,2024-03-28,393500.41,True,INV-162241,Amit Patel,Disputed
TXN0318,V005,Tech Mahindra,27AABCT7890E5Z7,Marketing,Travel,2024-03-27,2024-04-26,2024-04-14,165208.54,True,INV-700556,Amit Patel,Disputed
TXN0319,V002,Infosys Limited,29AABCI5678B2Z3,Finance,Maintenance,2024-01-31,2024-03-01,2024-02-16,496280.68,True,INV-835499,Priya Sharma,Paid
TXN0320,V003,Wipro Technologies,29AABCW9012C3Z1,Legal,Consulting,2024-05-06,2024-06-05,2024-05-25,381929.43,True,INV-249077,Amit Patel,Pending
TXN0321,V007,HDFC Bank Ltd,27AAHCH4118H1ZK,HR,Software,2024-11-20,2024-12-20,2024-12-07,398326.32,False,INV-640659,Amit Patel,Paid
TXN0322,V008,Fraudulent Vendor A,27AABCT1234A1Z5,HR,Consulting,2024-10-24,2024-11-23,2024-11-10,6224.18,True,INV-197666,Sneha Reddy,Paid
TXN0323,V002,Infosys Limited,29AABCI5678B2Z3,Marketing,Maintenance,2024-04-21,2024-05-21,2024-05-07,484223.65,True,INV-381581,Amit Patel,Paid
TXN0324,V006,Reliance Industries,27AAACR5055K1ZT,Marketing,Travel,2024-03-07,2024-04-06,2024-03-29,285240.34,True,INV-815707,Ravi Kumar,Paid
TXN0325,V002,Infosys Limited,29AABCI5678B2Z3,Legal,Maintenance,2024-01-09,2024-02-08,2024-01-25,66497.4,True,INV-578693,Ravi Kumar,Pending
TXN0326,V004,HCL Technologies,06AABCH3456D4Z9,Legal,Hardware,2024-11-28,2024-12-28,2024-12-14,154423.42,True,INV-387330,Ravi Kumar,Paid
TXN0327,V005,Tech Mahindra,27AABCT7890E5Z7,IT,Consulting,2024-12-06,2025-01-05,2025-01-02,452381.13,False,INV-755993,Amit Patel,Paid
TXN0328,V007,HDFC Bank Ltd,27AAHCH4118H1ZK,Legal,Software,2024-12-26,2025-01-25,2025-01-21,52115.92,True,INV-239145,Priya Sharma,Disputed
TXN0329,V008,Fraudulent Vendor A,27AABCT1234A1Z5,IT,Software,2024-12-22,2025-01-21,2025-01-19,175069.2,True,INV-542828,Priya Sharma,Pending
TXN0330,V002,Infosys Limited,29AABCI5678B2Z3,Finance,Maintenance,2024-02-15,2024-03-16,2024-03-14,366727.87,True,INV-485416,Amit Patel,Paid
TXN0331,V007,HDFC Bank Ltd,27AAHCH4118H1ZK,Finance,Office Supplies,2024-12-12,2025-01-11,2025-01-02,75712.27,True,INV-739966,Priya Sharma,Pending
TXN0332,V006,Reliance Industries,27AAACR5055K1ZT,Legal,Hardware,2024-11-17,2024-12-17,2024-12-02,375393.07,True,INV-819916,Sneha Reddy,Paid
TXN0333,V002,Infosys Limited,29AABCI5678B2Z3,IT,Hardware,2024-03-04,2024-04-03,2024-03-27,296839.09,True,INV-550246,Amit Patel,Paid
TXN0334,V004,HCL Technologies,06AABCH3456D4Z9,Operations,Office Supplies,2024-02-13,2024-03-14,2024-03-04,127842.68,True,INV-737107,Amit Patel,Paid
TXN0335,V005,Tech Mahindra,27AABCT7890E5Z7,Finance,Travel,2024-11-06,2024-12-06,2024-11-24,257213.67,True,INV-777558,Ravi Kumar,Paid
TXN0336,V008,Fraudulent Vendor A,27AABCT1234A1Z5,HR,Software,2024-05-03,2024-06-02,2024-05-23,252293.36,False,INV-112653,Amit Patel,Paid
TXN0337,V003,Wipro Technologies,29AABCW9012C3Z1,HR,Travel,2024-08-03,2024-09-02,2024-08-22,185879.17,True,INV-593894,Ravi Kumar,Paid
TXN0338,V010,Siemens India,27AABCS5678G7Z4,IT,Software,2024-05-14,2024-06-13,2024-05-29,111792.75,False,INV-927630,Sneha Reddy,Disputed
TXN0339,V005,Tech Mahindra,27AABCT7890E5Z7,Legal,Office Supplies,2024-09-13,2024-10-13,2024-10-06,384719.45,True,INV-186431,Priya Sharma,Paid
TXN0340,V002,Infosys Limited,29AABCI5678B2Z3,Operations,Software,2024-09-18,2024-10-18,2024-10-05,460857.81,True,INV-442622,Sneha Reddy,Disputed
TXN0341,V002,Infosys Limited,29AABCI5678B2Z3,Operations,Office Supplies,2024-08-11,2024-09-10,2024-08-27,366329.4,True,INV-356355,Ravi Kumar,Pending
TXN0342,V002,Infosys Limited,29AABCI5678B2Z3,HR,Travel,2024-11-07,2024-12-07,2024-11-26,32239.17,True,INV-876636,Priya Sharma,Paid
TXN0343,V001,Tata Consultancy Services,27AABCT1234A1Z5,Legal,Hardware,2024-12-25,2025-01-24,2025-01-16,10618.55,True,INV-648410,Amit Patel,Paid
TXN0344,V006,Reliance Industries,27AAACR5055K1ZT,Finance,Office Supplies,2024-05-17,2024-06-16,2024-06-14,367803.24,True,INV-130782,Amit Patel,Pending
TXN0345,V005,Tech Mahindra,27AABCT7890E5Z7,Marketing,Software,2024-05-14,2024-06-13,2024-06-03,357600.01,True,INV-620248,Sneha Reddy,Disputed
TXN0346,V006,Reliance Industries,27AAACR5055K1ZT,IT,Maintenance,2024-10-17,2024-11-16,2024-11-13,87606.29,True,INV-207903,Ravi Kumar,Paid
TXN0347,V009,Shell India,07AABCS1234F6Z2,IT,Software,2024-01-07,2024-02-06,2024-01-29,126052.97,True,INV-257375,Priya Sharma,Paid
TXN0348,V009,Shell India,07AABCS1234F6Z2,Legal,Office Supplies,2024-12-01,2024-12-31,2024-12-25,212587.81,True,INV-855276,Amit Patel,Paid
TXN0349,V002,Infosys Limited,29AABCI5678B2Z3,Marketing,Consulting,2024-03-02,2024-04-01,2024-03-17,253510.27,False,INV-334026,Ravi Kumar,Pending
TXN0350,V002,Infosys Limited,29AABCI5678B2Z3,HR,Consulting,2024-06-08,2024-07-08,2024-06-29,167013.96,True,INV-486839,Priya Sharma,Paid
TXN0351,V010,Siemens India,27AABCS5678G7Z4,Operations,Office Supplies,2024-11-14,2024-12-14,2024-12-04,100000.0,True,INV-910143,Priya Sharma,Disputed
TXN0352,V004,HCL Technologies,06AABCH3456D4Z9,Finance,Software,2024-07-28,2024-08-27,2024-08-18,16835.58,True,INV-980357,Ravi Kumar,Paid
TXN0353,V001,Tata Consultancy Services,27AABCT1234A1Z5,Legal,Maintenance,2024-06-06,2024-07-06,2024-06-27,56454.76,True,INV-540208,Sneha Reddy,Paid
TXN0354,V003,Wipro Technologies,29AABCW9012C3Z1,Legal,Consulting,2024-02-17,2024-03-18,2024-03-14,26730.63,True,INV-645007,Sneha Reddy,Paid
TXN0355,V008,Fraudulent Vendor A,27AABCT1234A1Z5,Legal,Software,2024-10-24,2024-11-23,2024-11-20,52310.62,True,INV-513507,Ravi Kumar,Disputed
TXN0356,V010,Siemens India,27AABCS5678G7Z4,IT,Maintenance,2024-12-05,2025-01-04,2024-12-31,482288.05,True,INV-992247,Amit Patel,Pending
TXN0357,V006,Reliance Industries,27AAACR5055K1ZT,Operations,Maintenance,2024-05-19,2024-06-18,2024-06-14,120637.56,True,INV-907557,Ravi Kumar,Paid
TXN0358,V002,Infosys Limited,29AABCI5678B2Z3,Finance,Maintenance,2024-08-26,2024-09-25,2024-09-23,160446.48,True,INV-907756,Priya Sharma,Pending
TXN0359,V005,Tech Mahindra,27AABCT7890E5Z7,HR,Consulting,2024-03-02,2024-04-01,2024-03-19,49758.34,True,INV-966529,Ravi Kumar,Paid
TXN0360,V006,Reliance Industries,27AAACR5055K1ZT,Finance,Software,2024-12-30,2025-01-29,2025-01-23,127868.3,True,INV-151328,Amit Patel,Paid
TXN0361,V003,Wipro Technologies,29AABCW9012C3Z1,IT,Maintenance,2024-08-19,2024-09-18,2024-09-09,280197.11,False,INV-584487,Ravi Kumar,Paid
TXN0362,V002,Infosys Limited,29AABCI5678B2Z3,IT,Software,2024-04-23,2024-05-23,2024-05-09,69704.04,True,INV-819622,Ravi Kumar,Disputed
TXN0363,V010,Siemens India,27AABCS5678G7Z4,Operations,Software,2024-01-12,2024-02-11,2024-02-07,498594.91,True,INV-564971,Priya Sharma,Paid
TXN0364,V006,Reliance Industries,27AAACR5055K1ZT,IT,Software,2024-08-24,2024-09-23,2024-09-08,30065.66,True,INV-961599,Sneha Reddy,Pending
TXN0365,V001,Tata Consultancy Services,27AABCT1234A1Z5,HR,Office Supplies,2024-08-06,2024-09-05,2024-09-01,90539.57,True,INV-388339,Amit Patel,Pending
TXN0366,V003,Wipro Technologies,29AABCW9012C3Z1,IT,Travel,2024-11-13,2024-12-13,2024-12-02,310403.7,True,INV-532005,Sneha Reddy,Paid
TXN0367,V002,Infosys Limited,29AABCI5678B2Z3,Operations,Maintenance,2024-03-11,2024-04-10,2024-03-30,212521.24,True,INV-651356,Priya Sharma,Disputed
TXN0368,V001,Tata Consultancy Services,27AABCT1234A1Z5,HR,Office Supplies,2024-07-02,2024-08-01,2024-07-19,242443.8,True,INV-693128,Amit Patel,Pending
TXN0369,V005,Tech Mahindra,27AABCT7890E5Z7,Finance,Software,2024-06-12,2024-07-12,2024-07-11,300572.59,True,INV-916356,Amit Patel,Paid
TXN0370,V008,Fraudulent Vendor A,27AABCT1234A1Z5,Marketing,Consulting,2024-10-26,2024-11-25,2024-11-22,499804.84,True,INV-788772,Priya Sharma,Paid
TXN0371,V009,Shell India,07AABCS1234F6Z2,Legal,Software,2024-04-22,2024-05-22,2024-05-09,289967.59,True,INV-979988,Priya Sharma,Paid
TXN0372,V004,HCL Technologies,06AABCH3456D4Z9,Marketing,Consulting,2024-12-23,2025-01-22,2025-01-12,182597.65,False,INV-834591,Amit Patel,Disputed
TXN0373,V010,Siemens India,27AABCS5678G7Z4,Finance,Travel,2024-04-06,2024-05-06,2024-04-23,419164.94,True,INV-616137,Amit Patel,Paid
TXN0374,V008,Fraudulent Vendor A,27AABCT1234A1Z5,IT,Software,2024-01-29,2024-02-28,2024-02-24,120148.56,False,INV-601207,Ravi Kumar,Paid
TXN0375,V010,Siemens India,27AABCS5678G7Z4,Finance,Hardware,2024-06-23,2024-07-23,2024-07-08,359884.13,True,INV-439307,Ravi Kumar,Paid
TXN0376,V003,Wipro Technologies,29AABCW9012C3Z1,Marketing,Office Supplies,2024-03-13,2024-04-12,2024-07-06,388311.42,True,INV-482614,Ravi Kumar,Paid
TXN0377,V007,HDFC Bank Ltd,27AAHCH4118H1ZK,Marketing,Software,2024-06-21,2024-07-21,2024-07-18,154373.75,True,INV-867926,Sneha Reddy,Pending
TXN0378,V006,Reliance Industries,27AAACR5055K1ZT,Finance,Office Supplies,2024-10-14,2024-11-13,2024-10-29,348312.4,True,INV-474158,Priya Sharma,Disputed
TXN0379,V003,Wipro Technologies,29AABCW9012C3Z1,HR,Consulting,2024-12-18,2025-01-17,2025-01-14,150786.05,True,INV-836109,Sneha Reddy,Disputed
TXN0380,V001,Tata Consultancy Services,27AABCT1234A1Z5,Finance,Travel,2024-06-11,2024-07-11,2024-07-01,460913.92,True,INV-693022,Ravi Kumar,Pending
TXN0381,V003,Wipro Technologies,29AABCW9012C3Z1,Operations,Office Supplies,2024-02-09,2024-03-10,2024-03-04,122807.98,True,INV-193035,Amit Patel,Pending
TXN0382,V001,Tata Consultancy Services,27AABCT1234A1Z5,Operations,Hardware,2024-05-07,2024-06-06,2024-05-31,348122.16,True,INV-213282,Ravi Kumar,Paid
TXN0383,V007,HDFC Bank Ltd,27AAHCH4118H1ZK,HR,Office Supplies,2024-08-02,2024-09-01,2024-08-17,484705.4,True,INV-497108,Amit Patel,Disputed
TXN0384,V007,HDFC Bank Ltd,27AAHCH4118H1ZK,IT,Maintenance,2024-10-22,2024-11-21,2024-11-10,327229.93,True,INV-573209,Ravi Kumar,Paid
TXN0385,V005,Tech Mahindra,27AABCT7890E5Z7,IT,Consulting,2024-05-13,2024-06-12,2024-06-10,476072.76,True,INV-493696,Priya Sharma,Paid
TXN0386,V009,Shell India,07AABCS1234F6Z2,IT,Consulting,2024-10-31,2024-11-30,2024-11-15,492711.67,True,INV-132498,Sneha Reddy,Paid
TXN0387,V010,Siemens India,27AABCS5678G7Z4,HR,Hardware,2024-01-28,2024-02-27,2024-02-23,55122.62,True,INV-529161,Amit Patel,Paid
TXN0388,V005,Tech Mahindra,27AABCT7890E5Z7,Finance,Software,2024-01-26,2024-02-25,2024-02-16,199486.6,True,INV-261050,Ravi Kumar,Paid
TXN0389,V001,Tata Consultancy Services,27AABCT1234A1Z5,HR,Software,2024-05-30,2024-06-29,2024-06-18,412829.17,True,INV-309374,Ravi Kumar,Paid
TXN0390,V004,HCL Technologies,06AABCH3456D4Z9,Finance,Office Supplies,2024-05-29,2024-06-28,2024-06-20,488643.56,True,INV-423331,Sneha Reddy,Pending
TXN0391,V008,Fraudulent Vendor A,27AABCT1234A1Z5,Legal,Consulting,2024-02-16,2024-03-17,2024-03-10,322723.86,True,INV-499974,Amit Patel,Paid
TXN0392,V008,Fraudulent Vendor A,27AABCT1234A1Z5,IT,Consulting,2024-08-13,2024-09-12,2024-09-08,235203.69,True,INV-691655,Ravi Kumar,Paid
TXN0393,V002,Infosys Limited,29AABCI5678B2Z3,IT,Office Supplies,2024-06-25,2024-07-25,2024-07-18,405049.18,True,INV-718372,Priya Sharma,Disputed
TXN0394,V001,Tata Consultancy Services,27AABCT1234A1Z5,HR,Travel,2024-08-02,2024-09-01,2024-08-21,482985.71,True,INV-597889,Priya Sharma,Pending
TXN0395,V005,Tech Mahindra,27AABCT7890E5Z7,IT,Maintenance,2024-01-18,2024-02-17,2024-02-02,253540.23,True,INV-699245,Priya Sharma,Paid
TXN0396,V008,Fraudulent Vendor A,27AABCT1234A1Z5,Finance,Hardware,2024-04-18,2024-05-18,2024-05-15,405188.06,False,INV-182175,Sneha Reddy,Paid
TXN0397,V003,Wipro Technologies,29AABCW9012C3Z1,Marketing,Consulting,2024-06-12,2024-07-12,2024-06-27,455848.22,True,INV-191254,Sneha Reddy,Disputed
TXN0398,V007,HDFC Bank Ltd,27AAHCH4118H1ZK,Marketing,Consulting,2024-05-21,2024-06-20,2024-06-05,262245.65,True,INV-924758,Sneha Reddy,Paid
TXN0399,V007,HDFC Bank Ltd,27AAHCH4118H1ZK,Finance,Hardware,2024-10-17,2024-11-16,2024-11-03,296027.4,True,INV-205071,Ravi Kumar,Disputed
TXN0400,V002,Infosys Limited,29AABCI5678B2Z3,Operations,Travel,2024-06-25,2024-07-25,2024-07-20,439557.31,True,INV-609172,Sneha Reddy,Paid
TXN0401,V003,Wipro Technologies,29AABCW9012C3Z1,Operations,Maintenance,2024-03-14,2024-04-13,2024-04-12,500000.0,False,INV-447596,Priya Sharma,Paid
TXN0402,V008,Fraudulent Vendor A,27AABCT1234A1Z5,Operations,Consulting,2024-01-11,2024-02-10,2024-01-28,172243.71,True,INV-393964,Sneha Reddy,Paid
TXN0403,V004,HCL Technologies,06AABCH3456D4Z9,Finance,Consulting,2024-08-14,2024-09-13,2024-09-07,388145.3,True,INV-537017,Ravi Kumar,Paid
TXN0404,V008,Fraudulent Vendor A,27AABCT1234A1Z5,Finance,Maintenance,2024-09-05,2024-10-05,2024-09-21,380949.18,True,INV-158936,Priya Sharma,Paid
TXN0405,V005,Tech Mahindra,27AABCT7890E5Z7,Legal,Travel,2024-07-25,2024-08-24,2024-08-10,72146.66,True,INV-696296,Ravi Kumar,Paid
TXN0406,V004,HCL Technologies,06AABCH3456D4Z9,Finance,Software,2024-05-07,2024-06-06,2024-06-05,21370.17,True,INV-838862,Priya Sharma,Paid
TXN0407,V006,Reliance Industries,27AAACR5055K1ZT,HR,Travel,2024-07-22,2024-08-21,2024-08-19,319527.86,True,INV-353690,Amit Patel,Pending
TXN0408,V010,Siemens India,27AABCS5678G7Z4,HR,Hardware,2024-08-30,2024-09-29,2024-09-23,295505.72,True,INV-978343,Amit Patel,Paid
TXN0409,V005,Tech Mahindra,27AABCT7890E5Z7,IT,Maintenance,2024-01-26,2024-02-25,2024-02-15,85639.17,True,INV-324729,Priya Sharma,Paid
TXN0410,V004,HCL Technologies,06AABCH3456D4Z9,Operations,Office Supplies,2024-07-28,2024-08-27,2024-08-13,259074.21,True,INV-904858,Ravi Kumar,Pending
TXN0411,V003,Wipro Technologies,29AABCW9012C3Z1,Legal,Hardware,2024-11-03,2024-12-03,2024-11-29,401428.08,True,INV-944193,Amit Patel,Paid
TXN0412,V007,HDFC Bank Ltd,27AAHCH4118H1ZK,HR,Consulting,2024-08-23,2024-09-22,2024-09-14,129739.36,True,INV-645928,Sneha Reddy,Disputed
TXN0413,V002,Infosys Limited,29AABCI5678B2Z3,IT,Travel,2024-12-05,2025-01-04,2024-12-21,483410.3,True,INV-778787,Amit Patel,Paid
TXN0414,V002,Infosys Limited,29AABCI5678B2Z3,HR,Software,2024-06-21,2024-07-21,2024-07-10,494238.68,True,INV-390334,Amit Patel,Paid
TXN0415,V004,HCL Technologies,06AABCH3456D4Z9,Finance,Travel,2024-05-03,2024-06-02,2024-05-20,450345.09,True,INV-949376,Sneha Reddy,Paid
TXN0416,V003,Wipro Technologies,29AABCW9012C3Z1,Legal,Software,2024-12-01,2024-12-31,2024-12-26,251199.55,True,INV-538897,Sneha Reddy,Pending
TXN0417,V001,Tata Consultancy Services,27AABCT1234A1Z5,Marketing,Office Supplies,2024-10-19,2024-11-18,2024-11-12,408927.28,True,INV-333164,Sneha Reddy,Paid
TXN0418,V009,Shell India,07AABCS1234F6Z2,Operations,Hardware,2024-12-02,2025-01-01,2024-12-29,438864.92,True,INV-593649,Priya Sharma,Paid
TXN0419,V009,Shell India,07AABCS1234F6Z2,Finance,Office Supplies,2024-06-20,2024-07-20,2024-07-16,328945.15,True,INV-880360,Amit Patel,Pending
TXN0420,V006,Reliance Industries,27AAACR5055K1ZT,Operations,Consulting,2024-10-26,2024-11-25,2024-11-11,150555.31,True,INV-156284,Ravi Kumar,Pending
TXN0421,V004,HCL Technologies,06AABCH3456D4Z9,Marketing,Software,2024-12-14,2025-01-13,2025-01-08,193926.26,True,INV-995735,Priya Sharma,Paid
TXN0422,V004,HCL Technologies,06AABCH3456D4Z9,Operations,Maintenance,2024-10-18,2024-11-17,2024-11-09,446958.34,True,INV-850432,Priya Sharma,Paid
TXN0423,V008,Fraudulent Vendor A,27AABCT1234A1Z5,Operations,Office Supplies,2024-03-31,2024-04-30,2024-04-29,160139.97,False,INV-386814,Priya Sharma,Paid
TXN0424,V010,Siemens India,27AABCS5678G7Z4,Finance,Maintenance,2024-02-15,2024-03-16,2024-03-09,69055.95,True,INV-522988,Sneha Reddy,Pending
TXN0425,V007,HDFC Bank Ltd,27AAHCH4118H1ZK,IT,Software,2024-09-30,2024-10-30,2024-10-24,103710.05,True,INV-437864,Priya Sharma,Paid
TXN0426,V001,Tata Consultancy Services,27AABCT1234A1Z5,Legal,Office Supplies,2024-05-07,2024-06-06,2024-05-22,117001.53,True,INV-235193,Ravi Kumar,Pending
TXN0427,V009,Shell India,07AABCS1234F6Z2,Marketing,Consulting,2024-03-26,2024-04-25,2024-04-24,37317.08,True,INV-404955,Sneha Reddy,Disputed
TXN0428,V010,Siemens India,27AABCS5678G7Z4,Marketing,Consulting,2024-08-10,2024-09-09,2024-09-06,444547.15,True,INV-613989,Amit Patel,Paid
TXN0429,V003,Wipro Technologies,29AABCW9012C3Z1,HR,Software,2024-04-26,2024-05-26,2024-05-23,116039.07,True,INV-122977,Priya Sharma,Paid
TXN0430,V006,Reliance Industries,27AAACR5055K1ZT,Legal,Office Supplies,2024-01-20,2024-02-19,2024-02-08,190720.25,True,INV-660708,Ravi Kumar,Disputed
TXN0431,V001,Tata Consultancy Services,27AABCT1234A1Z5,Legal,Software,2024-11-30,2024-12-30,2024-12-29,418879.4,True,INV-537020,Sneha Reddy,Pending
TXN0432,V002,Infosys Limited,29AABCI5678B2Z3,Marketing,Consulting,2024-08-30,2024-09-29,2024-09-25,352424.77,True,INV-760929,Ravi Kumar,Paid
TXN0433,V007,HDFC Bank Ltd,27AAHCH4118H1ZK,Legal,Software,2024-12-05,2025-01-04,2024-12-25,262553.07,True,INV-243826,Sneha Reddy,Paid
TXN0434,V009,Shell India,07AABCS1234F6Z2,Legal,Travel,2024-03-01,2024-03-31,2024-03-18,144939.85,True,INV-308296,Priya Sharma,Paid
TXN0435,V009,Shell India,07AABCS1234F6Z2,Finance,Consulting,2024-12-26,2025-01-25,2025-01-22,207829.33,False,INV-620465,Priya Sharma,Pending
TXN0436,V006,Reliance Industries,27AAACR5055K1ZT,Finance,Software,2024-01-07,2024-02-06,2024-01-22,337458.4,True,INV-702042,Sneha Reddy,Paid
TXN0437,V002,Infosys Limited,29AABCI5678B2Z3,Marketing,Software,2024-02-21,2024-03-22,2024-03-11,452865.8,True,INV-410401,Amit Patel,Pending
TXN0438,V001,Tata Consultancy Services,27AABCT1234A1Z5,IT,Hardware,2024-01-21,2024-02-20,2024-02-14,426863.1,True,INV-427897,Sneha Reddy,Paid
TXN0439,V002,Infosys Limited,29AABCI5678B2Z3,IT,Software,2024-03-11,2024-04-10,2024-04-07,333360.74,True,INV-558976,Amit Patel,Paid
TXN0440,V006,Reliance Industries,27AAACR5055K1ZT,Operations,Hardware,2024-02-28,2024-03-29,2024-03-21,203384.87,True,INV-504452,Sneha Reddy,Pending
TXN0441,V003,Wipro Technologies,29AABCW9012C3Z1,IT,Hardware,2024-12-22,2025-01-21,2025-01-07,364573.5,False,INV-536236,Sneha Reddy,Disputed
TXN0442,V008,Fraudulent Vendor A,27AABCT1234A1Z5,Finance,Travel,2024-07-13,2024-08-12,2024-08-02,390686.33,False,INV-817712,Priya Sharma,Pending
TXN0443,V008,Fraudulent Vendor A,27AABCT1234A1Z5,IT,Maintenance,2024-08-13,2024-09-12,2024-09-07,27756.3,True,INV-112960,Priya Sharma,Paid
TXN0444,V009,Shell India,07AABCS1234F6Z2,Marketing,Office Supplies,2024-12-24,2025-01-23,2025-01-16,311028.31,True,INV-360651,Sneha Reddy,Paid
TXN0445,V007,HDFC Bank Ltd,27AAHCH4118H1ZK,Finance,Travel,2024-11-09,2024-12-09,2024-11-28,32010.23,True,INV-630126,Sneha Reddy,Pending
TXN0446,V003,Wipro Technologies,29AABCW9012C3Z1,IT,Maintenance,2024-06-13,2024-07-13,2024-07-08,124241.45,False,INV-333524,Sneha Reddy,Pending
TXN0447,V004,HCL Technologies,06AABCH3456D4Z9,IT,Maintenance,2024-08-15,2024-09-14,2024-09-06,401624.34,False,INV-622669,Sneha Reddy,Paid
TXN0448,V002,Infosys Limited,29AABCI5678B2Z3,HR,Office Supplies,2024-11-30,2024-12-30,2024-12-23,13795.72,True,INV-684194,Ravi Kumar,Paid
TXN0449,V010,Siemens India,27AABCS5678G7Z4,Marketing,Office Supplies,2024-06-04,2024-07-04,2024-06-25,445604.89,True,INV-804091,Sneha Reddy,Paid
TXN0450,V006,Reliance Industries,27AAACR5055K1ZT,IT,Hardware,2024-08-20,2024-09-19,2024-09-06,169326.45,True,INV-596116,Amit Patel,Pending
TXN0451,V002,Infosys Limited,29AABCI5678B2Z3,IT,Office Supplies,2024-04-23,2024-05-23,2024-08-15,100000.0,True,INV-938769,Amit Patel,Disputed
TXN0452,V009,Shell India,07AABCS1234F6Z2,Operations,Office Supplies,2024-02-24,2024-03-25,2024-03-22,27660.16,True,INV-961760,Sneha Reddy,Paid
TXN0453,V005,Tech Mahindra,27AABCT7890E5Z7,Marketing,Hardware,2024-04-06,2024-05-06,2024-04-22,64769.17,True,INV-579247,Priya Sharma,Paid
TXN0454,V002,Infosys Limited,29AABCI5678B2Z3,HR,Software,2024-11-20,2024-12-20,2024-12-10,419545.79,True,INV-572388,Sneha Reddy,Disputed
TXN0455,V009,Shell India,07AABCS1234F6Z2,Finance,Maintenance,2024-01-03,2024-02-02,2024-02-01,267530.35,True,INV-553834,Sneha Reddy,Disputed
TXN0456,V003,Wipro Technologies,29AABCW9012C3Z1,Legal,Travel,2024-03-29,2024-04-28,2024-04-25,366594.86,True,INV-789461,Amit Patel,Disputed
TXN0457,V007,HDFC Bank Ltd,27AAHCH4118H1ZK,HR,Travel,2024-12-20,2025-01-19,2025-01-14,382375.45,True,INV-459513,Amit Patel,Pending
TXN0458,V003,Wipro Technologies,29AABCW9012C3Z1,Finance,Maintenance,2024-11-04,2024-12-04,2024-11-22,351507.07,True,INV-984027,Amit Patel,Disputed
TXN0459,V004,HCL Technologies,06AABCH3456D4Z9,Finance,Hardware,2024-11-15,2024-12-15,2024-12-04,358620.35,True,INV-805034,Priya Sharma,Paid
TXN0460,V009,Shell India,07AABCS1234F6Z2,Marketing,Office Supplies,2024-11-22,2024-12-22,2024-12-20,164578.79,True,INV-689593,Sneha Reddy,Disputed
TXN0461,V010,Siemens India,27AABCS5678G7Z4,Legal,Office Supplies,2024-08-01,2024-08-31,2024-08-16,338750.53,True,INV-399817,Sneha Reddy,Paid
TXN0462,V009,Shell India,07AABCS1234F6Z2,IT,Software,2024-07-14,2024-08-13,2024-08-02,76936.72,False,INV-379947,Priya Sharma,Paid
TXN0463,V005,Tech Mahindra,27AABCT7890E5Z7,Finance,Software,2024-12-19,2025-01-18,2025-01-14,393256.91,True,INV-133875,Amit Patel,Pending
TXN0464,V002,Infosys Limited,29AABCI5678B2Z3,Marketing,Office Supplies,2024-10-14,2024-11-13,2024-11-01,433096.54,True,INV-507777,Priya Sharma,Disputed
TXN0465,V005,Tech Mahindra,27AABCT7890E5Z7,Legal,Office Supplies,2024-01-25,2024-02-24,2024-02-17,463609.98,True,INV-926394,Amit Patel,Disputed
TXN0466,V001,Tata Consultancy Services,27AABCT1234A1Z5,IT,Office Supplies,2024-05-08,2024-06-07,2024-05-24,105528.18,True,INV-564586,Priya Sharma,Paid
TXN0467,V010,Siemens India,27AABCS5678G7Z4,Marketing,Office Supplies,2024-11-04,2024-12-04,2024-11-22,102252.2,True,INV-408467,Sneha Reddy,Paid
TXN0468,V002,Infosys Limited,29AABCI5678B2Z3,Finance,Hardware,2024-09-20,2024-10-20,2024-10-19,64080.14,True,INV-683635,Amit Patel,Paid
TXN0469,V003,Wipro Technologies,29AABCW9012C3Z1,Marketing,Consulting,2024-01-03,2024-02-02,2024-01-21,168628.58,True,INV-141880,Priya Sharma,Paid
TXN0470,V010,Siemens India,27AABCS5678G7Z4,IT,Office Supplies,2024-11-11,2024-12-11,2024-12-06,422354.29,True,INV-700495,Amit Patel,Paid
TXN0471,V006,Reliance Industries,27AAACR5055K1ZT,Marketing,Hardware,2024-04-04,2024-05-04,2024-04-21,262700.11,True,INV-536135,Sneha Reddy,Paid
TXN0472,V006,Reliance Industries,27AAACR5055K1ZT,Finance,Hardware,2024-12-05,2025-01-04,2024-12-29,169282.34,True,INV-889216,Sneha Reddy,Disputed
TXN0473,V001,Tata Consultancy Services,27AABCT1234A1Z5,IT,Office Supplies,2024-06-26,2024-07-26,2024-07-11,225605.29,True,INV-751303,Priya Sharma,Paid
TXN0474,V006,Reliance Industries,27AAACR5055K1ZT,HR,Software,2024-07-16,2024-08-15,2024-08-03,132012.33,True,INV-641975,Amit Patel,Disputed
TXN0475,V009,Shell India,07AABCS1234F6Z2,HR,Maintenance,2024-01-23,2024-02-22,2024-02-11,151734.81,True,INV-638857,Ravi Kumar,Paid
TXN0476,V003,Wipro Technologies,29AABCW9012C3Z1,Marketing,Travel,2024-01-04,2024-02-03,2024-01-30,315331.87,True,INV-911159,Priya Sharma,Pending
TXN0477,V002,Infosys Limited,29AABCI5678B2Z3,Finance,Travel,2024-12-25,2025-01-24,2025-01-12,439925.43,True,INV-777968,Ravi Kumar,Paid
TXN0478,V001,Tata Consultancy Services,27AABCT1234A1Z5,HR,Office Supplies,2024-06-18,2024-07-18,2024-07-16,23753.73,False,INV-932794,Amit Patel,Disputed
TXN0479,V002,Infosys Limited,29AABCI5678B2Z3,Marketing,Hardware,2024-05-12,2024-06-11,2024-06-03,206778.23,True,INV-554059,Amit Patel,Paid
TXN0480,V007,HDFC Bank Ltd,27AAHCH4118H1ZK,Legal,Software,2024-09-30,2024-10-30,2024-10-18,7919.97,True,INV-892682,Ravi Kumar,Paid
TXN0481,V006,Reliance Industries,27AAACR5055K1ZT,Marketing,Software,2024-05-28,2024-06-27,2024-06-22,394511.49,False,INV-395192,Sneha Reddy,Pending
TXN0482,V007,HDFC Bank Ltd,27AAHCH4118H1ZK,Legal,Software,2024-08-30,2024-09-29,2024-09-25,82380.12,True,INV-509985,Amit Patel,Paid
TXN0483,V005,Tech Mahindra,27AABCT7890E5Z7,Legal,Office Supplies,2024-11-27,2024-12-27,2024-12-26,189699.6,True,INV-682032,Priya Sharma,Paid
TXN0484,V001,Tata Consultancy Services,27AABCT1234A1Z5,IT,Travel,2024-11-01,2024-12-01,2024-11-22,200070.44,True,INV-419491,Priya Sharma,Paid
TXN0485,V004,HCL Technologies,06AABCH3456D4Z9,HR,Office Supplies,2024-09-19,2024-10-19,2024-10-16,75515.28,True,INV-975297,Amit Patel,Paid
TXN0486,V002,Infosys Limited,29AABCI5678B2Z3,Finance,Office Supplies,2024-10-17,2024-11-16,2024-11-02,426864.31,True,INV-675512,Sneha Reddy,Disputed
TXN0487,V002,Infosys Limited,29AABCI5678B2Z3,Operations,Office Supplies,2024-02-04,2024-03-05,2024-03-01,129090.37,True,INV-610856,Amit Patel,Paid
TXN0488,V003,Wipro Technologies,29AABCW9012C3Z1,Legal,Office Supplies,2024-04-30,2024-05-30,2024-05-20,54522.3,False,INV-302897,Amit Patel,Pending
TXN0489,V008,Fraudulent Vendor A,27AABCT1234A1Z5,Operations,Travel,2024-12-03,2025-01-02,2024-12-23,156309.37,True,INV-694397,Amit Patel,Paid
TXN0490,V007,HDFC Bank Ltd,27AAHCH4118H1ZK,Finance,Software,2024-06-09,2024-07-09,2024-07-05,126856.69,True,INV-771967,Sneha Reddy,Paid
TXN0491,V006,Reliance Industries,27AAACR5055K1ZT,Finance,Office Supplies,2024-06-18,2024-07-18,2024-07-10,439553.49,True,INV-912402,Amit Patel,Pending
TXN0492,V009,Shell India,07AABCS1234F6Z2,IT,Hardware,2024-11-26,2024-12-26,2024-12-12,305280.69,True,INV-966589,Priya Sharma,Disputed
TXN0493,V004,HCL Technologies,06AABCH3456D4Z9,Operations,Office Supplies,2024-11-16,2024-12-16,2024-12-14,42848.88,True,INV-990856,Ravi Kumar,Disputed
TXN0494,V010,Siemens India,27AABCS5678G7Z4,HR,Travel,2024-04-18,2024-05-18,2024-05-09,453620.27,True,INV-665892,Sneha Reddy,Paid
TXN0495,V006,Reliance Industries,27AAACR5055K1ZT,HR,Hardware,2024-10-28,2024-11-27,2024-11-22,367947.28,True,INV-625465,Ravi Kumar,Pending
TXN0496,V006,Reliance Industries,27AAACR5055K1ZT,Marketing,Software,2024-12-05,2025-01-04,2024-12-22,123246.0,True,INV-817395,Priya Sharma,Disputed
TXN0497,V003,Wipro Technologies,29AABCW9012C3Z1,HR,Hardware,2024-04-01,2024-05-01,2024-04-21,285346.84,True,INV-253300,Sneha Reddy,Paid
TXN0498,V001,Tata Consultancy Services,27AABCT1234A1Z5,Finance,Maintenance,2024-04-28,2024-05-28,2024-05-22,36116.27,True,INV-801062,Priya Sharma,Disputed
TXN0499,V006,Reliance Industries,27AAACR5055K1ZT,HR,Maintenance,2024-08-20,2024-09-19,2024-09-18,441368.23,True,INV-439813,Ravi Kumar,Disputed
TXN0500,V005,Tech Mahindra,27AABCT7890E5Z7,Legal,Consulting,2024-10-23,2024-11-22,2024-11-19,274453.28,True,INV-496905,Amit Patel,Disputed
